{"stats":{"minecraft:killed_by":{"minecraft:skeleton":6,"minecraft:zombie":1},"minecraft:broken":{"minecraft:shield":1},"minecraft:custom":{"minecraft:mob_kills":66,"minecraft:interact_with_crafting_table":17,"minecraft:open_barrel":37,"minecraft:leave_game":2,"minecraft:time_since_death":15679,"minecraft:sprint_one_cm":296987,"minecraft:walk_one_cm":186002,"minecraft:damage_blocked_by_shield":2595,"minecraft:drop":49,"minecraft:talked_to_villager":4,"minecraft:play_time":99523,"minecraft:deaths":7,"minecraft:sneak_time":4858,"minecraft:walk_under_water_one_cm":9842,"minecraft:interact_with_lectern":6,"minecraft:boat_one_cm":159111,"minecraft:jump":1704,"minecraft:walk_on_water_one_cm":10715,"minecraft:total_world_time":99523,"minecraft:interact_with_furnace":37,"minecraft:sleep_in_bed":6,"minecraft:time_since_rest":15707,"minecraft:damage_taken":3358,"minecraft:damage_dealt":8366,"minecraft:swim_one_cm":36156,"minecraft:fly_one_cm":629460,"minecraft:open_chest":59,"minecraft:crouch_one_cm":9509,"minecraft:interact_with_smoker":2,"minecraft:fall_one_cm":38433},"minecraft:crafted":{"minecraft:oak_planks":100,"minecraft:furnace":2,"minecraft:cooked_mutton":31,"minecraft:stone_pickaxe":1,"minecraft:wheat":27,"minecraft:cooked_beef":2,"minecraft:cooked_porkchop":17,"minecraft:wooden_pickaxe":1,"minecraft:iron_sword":1,"minecraft:stone_axe":2,"minecraft:air":0,"minecraft:light_gray_bed":1,"minecraft:oak_boat":1,"minecraft:shield":1,"minecraft:stick":8,"minecraft:white_bed":1,"minecraft:torch":4},"minecraft:mined":{"minecraft:white_bed":1,"minecraft:stone_brick_wall":2,"minecraft:light_gray_bed":4,"minecraft:hay_block":11,"minecraft:furnace":4,"minecraft:carrots":11,"minecraft:iron_ore":6,"minecraft:andesite":4,"minecraft:anvil":1,"minecraft:potatoes":5,"minecraft:iron_bars":1,"minecraft:packed_ice":3,"minecraft:stone":91,"minecraft:smooth_sandstone":2,"visualworkbench:minecraft/crafting_table":8,"minecraft:short_grass":13,"minecraft:white_stained_glass_pane":1,"minecraft:cobblestone":2,"minecraft:sugar_cane":9,"minecraft:oak_planks":2,"minecraft:wheat":9,"minecraft:light_gray_wool":1,"minecraft:black_bed":1,"minecraft:stone_brick_stairs":1,"minecraft:oak_log":23,"minecraft:coal_ore":60,"minecraft:stone_bricks":7},"minecraft:picked_up":{"minecraft:crafting_table":17,"minecraft:iron_chestplate":1,"minecraft:wheat":81,"minecraft:chicken":1,"minecraft:stone_brick_wall":2,"minecraft:stone_brick_stairs":1,"minecraft:shield":5,"minecraft:amethyst_block":4,"minecraft:string":12,"minecraft:iron_leggings":1,"minecraft:beef":6,"minecraft:oak_boat":3,"minecraft:spruce_slab":2,"minecraft:iron_pickaxe":6,"minecraft:light_gray_wool":3,"minecraft:enchanted_golden_apple":2,"minecraft:sugar_cane":87,"minecraft:furnace":16,"minecraft:iron_boots":1,"minecraft:golden_helmet":3,"minecraft:stick":17,"minecraft:raw_iron":47,"minecraft:sandstone":2,"minecraft:spruce_stairs":3,"minecraft:porkchop":26,"minecraft:carrot":40,"minecraft:golden_chestplate":3,"minecraft:stone_sword":1,"minecraft:arrow":36,"minecraft:light_gray_bed":7,"minecraft:rotten_flesh":10,"minecraft:hay_block":47,"minecraft:gold_ingot":4,"minecraft:mutton":43,"minecraft:cobblestone":110,"minecraft:white_wool":31,"minecraft:feather":6,"minecraft:andesite":4,"minecraft:black_bed":1,"minecraft:potato":56,"minecraft:light_gray_dye":1,"minecraft:oak_log":40,"minecraft:gunpowder":9,"minecraft:lapis_lazuli":6,"minecraft:cooked_mutton":74,"minecraft:bone":86,"minecraft:stone_bricks":6,"minecraft:apple":24,"minecraft:wheat_seeds":17,"minecraft:spore_blossom":2,"minecraft:iron_ingot":4,"minecraft:moss_block":1,"minecraft:oak_planks":2,"minecraft:iron_sword":6,"minecraft:book":52,"minecraft:dark_oak_slab":2,"minecraft:cooked_porkchop":31,"minecraft:amethyst_shard":114,"minecraft:white_bed":1,"minecraft:stone_axe":2,"minecraft:iron_helmet":2,"minecraft:gray_wool":1,"minecraft:bread":57,"minecraft:lodestone":1,"minecraft:oak_sapling":22,"minecraft:black_wool":2,"minecraft:coal":220},"minecraft:killed":{"minecraft:skeleton":21,"minecraft:chicken":1,"minecraft:drowned":2,"minecraft:pig":11,"minecraft:iron_golem":1,"minecraft:creeper":2,"minecraft:sheep":20,"minecraft:zombie":2,"minecraft:cow":4},"minecraft:dropped":{"minecraft:iron_ingot":11,"minecraft:moss_block":1,"minecraft:wheat_seeds":17,"minecraft:golden_helmet":1,"minecraft:cooked_beef":4,"minecraft:spore_blossom":2,"minecraft:feather":6,"minecraft:iron_helmet":1,"minecraft:amethyst_block":2,"minecraft:apple":24,"minecraft:emerald":2,"minecraft:gray_wool":1,"minecraft:iron_pickaxe":1,"minecraft:gold_ingot":7,"minecraft:stone_axe":1,"minecraft:stone_sword":1,"minecraft:raw_iron":8,"minecraft:chicken":1,"minecraft:rotten_flesh":10,"minecraft:potato":31,"minecraft:diamond_pickaxe":1,"minecraft:andesite":1,"minecraft:oak_sapling":22,"minecraft:stone_pickaxe":1,"minecraft:wooden_pickaxe":1,"minecraft:black_wool":1},"minecraft:used":{"minecraft:stone_sword":27,"minecraft:shield":60,"minecraft:iron_sword":40,"minecraft:spruce_stairs":3,"minecraft:iron_axe":7,"minecraft:iron_helmet":1,"minecraft:dark_oak_slab":2,"minecraft:iron_boots":1,"minecraft:stone_bricks":1,"minecraft:light_gray_wool":3,"minecraft:furnace":7,"minecraft:cooked_beef":2,"minecraft:light_gray_bed":4,"minecraft:golden_axe":8,"minecraft:cooked_mutton":9,"minecraft:amethyst_block":2,"minecraft:stone_pickaxe":127,"minecraft:oak_planks":76,"minecraft:wooden_pickaxe":3,"minecraft:sandstone":2,"minecraft:white_wool":10,"minecraft:crafting_table":4,"minecraft:white_bed":1,"minecraft:stone_brick_wall":2,"minecraft:black_bed":1,"minecraft:black_wool":1,"minecraft:apple":1,"minecraft:bread":4,"minecraft:iron_pickaxe":54,"minecraft:golden_helmet":1,"minecraft:stone_axe":71,"minecraft:cobblestone":15,"minecraft:cooked_porkchop":11,"minecraft:andesite":3,"minecraft:oak_boat":2}},"DataVersion":3953}