{"stats":{"minecraft:custom":{"minecraft:interact_with_furnace":28,"minecraft:mob_kills":34,"minecraft:interact_with_crafting_table":14,"minecraft:open_barrel":6,"minecraft:leave_game":1,"minecraft:time_since_death":39310,"minecraft:sleep_in_bed":2,"minecraft:time_since_rest":12527,"minecraft:sprint_one_cm":111889,"minecraft:damage_taken":87,"minecraft:walk_one_cm":69743,"minecraft:drop":14,"minecraft:damage_dealt":3780,"minecraft:swim_one_cm":9253,"minecraft:fly_one_cm":78118,"minecraft:open_chest":6,"minecraft:crouch_one_cm":3620,"minecraft:play_time":39310,"minecraft:sneak_time":1292,"minecraft:walk_under_water_one_cm":569,"minecraft:boat_one_cm":106458,"minecraft:jump":553,"minecraft:walk_on_water_one_cm":1063,"minecraft:interact_with_smoker":2,"minecraft:total_world_time":39310,"minecraft:fall_one_cm":10236},"minecraft:crafted":{"minecraft:cooked_beef":2,"minecraft:oak_planks":24,"minecraft:cooked_porkchop":17,"minecraft:wooden_pickaxe":1,"minecraft:furnace":2,"minecraft:stone_axe":1,"minecraft:cooked_mutton":26,"minecraft:air":0,"minecraft:light_gray_bed":1,"minecraft:stick":8,"minecraft:stone_pickaxe":1,"minecraft:white_bed":1},"minecraft:mined":{"minecraft:white_bed":1,"visualworkbench:minecraft/crafting_table":3,"minecraft:short_grass":3,"minecraft:light_gray_bed":1,"minecraft:oak_planks":1,"minecraft:furnace":2,"minecraft:iron_ore":1,"minecraft:andesite":4,"minecraft:light_gray_wool":1,"minecraft:coal_ore":46,"minecraft:oak_log":23,"minecraft:stone":77},"minecraft:picked_up":{"minecraft:crafting_table":3,"minecraft:feather":2,"minecraft:chicken":1,"minecraft:andesite":4,"minecraft:light_gray_dye":1,"minecraft:oak_log":23,"minecraft:shield":1,"minecraft:apple":1,"minecraft:wheat_seeds":2,"minecraft:beef":6,"minecraft:iron_ingot":4,"minecraft:oak_boat":1,"minecraft:iron_pickaxe":1,"minecraft:light_gray_wool":3,"minecraft:oak_planks":1,"minecraft:furnace":2,"minecraft:stick":5,"minecraft:raw_iron":1,"minecraft:porkchop":17,"minecraft:white_bed":1,"minecraft:light_gray_bed":1,"minecraft:hay_block":3,"minecraft:gray_wool":1,"minecraft:oak_sapling":22,"minecraft:coal":46,"minecraft:black_wool":2,"minecraft:mutton":27,"minecraft:white_wool":13,"minecraft:cobblestone":77},"minecraft:killed":{"minecraft:pig":10,"minecraft:iron_golem":1,"minecraft:sheep":18,"minecraft:chicken":1,"minecraft:cow":4},"minecraft:dropped":{"minecraft:iron_ingot":8,"minecraft:stone_axe":1,"minecraft:wheat_seeds":2,"minecraft:chicken":1,"minecraft:feather":2,"minecraft:gray_wool":1,"minecraft:andesite":1,"minecraft:oak_sapling":22,"minecraft:stone_pickaxe":1,"minecraft:wooden_pickaxe":1,"minecraft:black_wool":1},"minecraft:used":{"minecraft:stone_pickaxe":127,"minecraft:oak_planks":9,"minecraft:wooden_pickaxe":3,"minecraft:crafting_table":3,"minecraft:white_bed":1,"minecraft:black_wool":1,"minecraft:apple":1,"minecraft:bread":3,"minecraft:stone_axe":64,"minecraft:light_gray_wool":3,"minecraft:cobblestone":13,"minecraft:furnace":4,"minecraft:andesite":3,"minecraft:oak_boat":1,"minecraft:cooked_beef":2,"minecraft:light_gray_bed":1}},"DataVersion":3953}