{"stats":{"minecraft:picked_up":{"minecraft:crafting_table":1,"minecraft:raw_iron":20,"minecraft:smooth_basalt":1,"minecraft:andesite":7,"minecraft:jungle_log":7,"minecraft:amethyst_shard":24,"minecraft:diorite":1,"minecraft:amethyst_block":6,"minecraft:cobbled_deepslate":19,"minecraft:raw_gold":1,"minecraft:iron_ingot":1,"minecraft:granite":3,"minecraft:calcite":6,"minecraft:azalea":1,"minecraft:moss_block":3,"minecraft:flowering_azalea":1,"minecraft:coal":49,"minecraft:cobblestone":60,"minecraft:furnace":1},"minecraft:custom":{"minecraft:time_since_rest":25575,"minecraft:interact_with_furnace":2,"minecraft:sprint_one_cm":21628,"minecraft:damage_taken":10,"minecraft:walk_one_cm":23805,"minecraft:drop":2,"minecraft:interact_with_crafting_table":8,"minecraft:fly_one_cm":12413,"minecraft:crouch_one_cm":3250,"minecraft:play_time":25575,"minecraft:sneak_time":1448,"minecraft:walk_under_water_one_cm":44,"minecraft:jump":127,"minecraft:leave_game":1,"minecraft:time_since_death":25575,"minecraft:walk_on_water_one_cm":3015,"minecraft:total_world_time":25575,"minecraft:fall_one_cm":2357},"minecraft:used":{"minecraft:stone_pickaxe":79,"minecraft:iron_pickaxe":71,"minecraft:wooden_pickaxe":3,"minecraft:smooth_basalt":1,"minecraft:stone_axe":1,"minecraft:cobblestone":3,"minecraft:crafting_table":3,"minecraft:furnace":1,"minecraft:cobbled_deepslate":2},"minecraft:dropped":{"minecraft:moss_block":3,"minecraft:azalea":1},"minecraft:crafted":{"minecraft:shield":1,"minecraft:crafting_table":2,"minecraft:stick":8,"minecraft:iron_ingot":3,"minecraft:wooden_pickaxe":1,"minecraft:iron_pickaxe":1,"minecraft:stone_pickaxe":1,"minecraft:furnace":1,"minecraft:stone_axe":1,"minecraft:air":0,"minecraft:jungle_planks":28},"minecraft:mined":{"minecraft:flowering_azalea":1,"minecraft:furnace":1,"minecraft:iron_ore":11,"minecraft:amethyst_cluster":6,"minecraft:andesite":7,"minecraft:crafting_table":1,"minecraft:granite":3,"minecraft:short_grass":2,"minecraft:calcite":6,"minecraft:coal_ore":25,"minecraft:deepslate_iron_ore":6,"minecraft:vine":1,"minecraft:jungle_log":7,"minecraft:smooth_basalt":1,"minecraft:azalea":1,"minecraft:stone":60,"minecraft:moss_block":3,"minecraft:deepslate":19,"minecraft:gold_ore":1,"minecraft:diorite":1,"minecraft:fern":2,"minecraft:amethyst_block":6}},"DataVersion":3839}