{"stats":{"minecraft:killed_by":{"minecraft:skeleton":6,"minecraft:zombie":1},"minecraft:broken":{"minecraft:shield":1},"minecraft:custom":{"minecraft:mob_kills":66,"minecraft:interact_with_crafting_table":19,"minecraft:open_barrel":40,"minecraft:leave_game":2,"minecraft:time_since_death":19299,"minecraft:sprint_one_cm":330444,"minecraft:walk_one_cm":202084,"minecraft:damage_blocked_by_shield":2817,"minecraft:drop":60,"minecraft:talked_to_villager":5,"minecraft:play_time":122226,"minecraft:deaths":8,"minecraft:sneak_time":5965,"minecraft:walk_under_water_one_cm":9842,"minecraft:interact_with_lectern":6,"minecraft:boat_one_cm":159111,"minecraft:jump":1828,"minecraft:walk_on_water_one_cm":10715,"minecraft:total_world_time":122226,"minecraft:interact_with_furnace":38,"minecraft:interact_with_grindstone":1,"minecraft:sleep_in_bed":8,"minecraft:time_since_rest":11666,"minecraft:damage_taken":3906,"minecraft:damage_dealt":8366,"minecraft:swim_one_cm":36156,"minecraft:fly_one_cm":646269,"minecraft:open_chest":68,"minecraft:crouch_one_cm":12549,"minecraft:interact_with_smoker":3,"minecraft:fall_one_cm":46512},"minecraft:crafted":{"minecraft:oak_planks":100,"minecraft:furnace":2,"minecraft:cooked_mutton":31,"minecraft:stone_pickaxe":1,"minecraft:wheat":27,"minecraft:cooked_beef":2,"minecraft:cooked_porkchop":17,"minecraft:spruce_planks":16,"minecraft:wooden_pickaxe":1,"minecraft:iron_sword":1,"minecraft:stone_axe":2,"minecraft:air":0,"minecraft:light_gray_bed":1,"minecraft:oak_boat":1,"minecraft:shield":1,"minecraft:stick":8,"minecraft:white_bed":1,"minecraft:torch":4},"minecraft:mined":{"minecraft:dark_prismarine_stairs":2,"minecraft:dark_prismarine":6,"minecraft:stripped_warped_stem":1,"minecraft:white_bed":1,"minecraft:sea_lantern":1,"minecraft:warped_stairs":1,"minecraft:stone_brick_wall":2,"minecraft:light_gray_bed":7,"minecraft:stripped_warped_hyphae":3,"minecraft:hay_block":11,"minecraft:furnace":5,"minecraft:carrots":11,"minecraft:iron_ore":6,"minecraft:andesite":4,"minecraft:anvil":1,"minecraft:potatoes":5,"minecraft:iron_bars":1,"minecraft:packed_ice":3,"minecraft:stone":91,"minecraft:smooth_sandstone":3,"visualworkbench:minecraft/crafting_table":10,"minecraft:short_grass":13,"minecraft:calcite":2,"minecraft:white_stained_glass_pane":1,"minecraft:cobblestone":2,"minecraft:sugar_cane":9,"minecraft:oak_planks":3,"minecraft:stripped_spruce_wood":4,"minecraft:warped_planks":9,"minecraft:wheat":9,"minecraft:light_gray_wool":1,"minecraft:black_bed":1,"minecraft:dark_prismarine_slab":1,"minecraft:stone_brick_stairs":1,"minecraft:oak_log":23,"minecraft:coal_ore":60,"minecraft:stone_bricks":7,"minecraft:warped_slab":1},"minecraft:picked_up":{"minecraft:crafting_table":22,"minecraft:iron_chestplate":2,"minecraft:wheat":81,"minecraft:stripped_warped_hyphae":3,"minecraft:chicken":1,"minecraft:diamond_sword":2,"minecraft:stone_brick_wall":2,"minecraft:stone_brick_stairs":1,"minecraft:warped_stairs":1,"minecraft:shield":6,"minecraft:amethyst_block":4,"minecraft:string":12,"minecraft:iron_axe":1,"minecraft:iron_leggings":3,"minecraft:iron_shovel":1,"minecraft:bucket":1,"minecraft:dark_prismarine_stairs":1,"minecraft:beef":6,"minecraft:oak_boat":4,"minecraft:warped_slab":2,"minecraft:calcite":2,"minecraft:spruce_slab":2,"minecraft:iron_pickaxe":8,"minecraft:light_gray_wool":3,"minecraft:enchanted_golden_apple":2,"minecraft:sugar_cane":116,"minecraft:furnace":19,"minecraft:iron_boots":2,"minecraft:golden_helmet":3,"minecraft:stick":17,"minecraft:raw_iron":47,"minecraft:sandstone":3,"minecraft:spruce_stairs":3,"minecraft:porkchop":26,"minecraft:warped_planks":10,"minecraft:carrot":50,"minecraft:prismarine_crystals":6,"minecraft:golden_chestplate":3,"minecraft:stone_sword":1,"minecraft:arrow":42,"minecraft:light_gray_bed":10,"minecraft:rotten_flesh":10,"minecraft:hay_block":58,"minecraft:gold_ingot":4,"minecraft:mutton":43,"minecraft:cobblestone":110,"minecraft:white_wool":31,"minecraft:feather":6,"minecraft:andesite":4,"minecraft:black_bed":2,"minecraft:potato":56,"minecraft:stripped_spruce_wood":4,"minecraft:light_gray_dye":1,"minecraft:oak_log":40,"minecraft:gunpowder":12,"minecraft:lapis_lazuli":6,"minecraft:cooked_mutton":74,"minecraft:bone":136,"minecraft:stone_bricks":6,"minecraft:apple":24,"minecraft:wheat_seeds":17,"minecraft:spore_blossom":2,"minecraft:iron_ingot":4,"minecraft:diamond_helmet":1,"minecraft:moss_block":1,"minecraft:oak_planks":3,"minecraft:iron_sword":7,"minecraft:book":102,"minecraft:dark_oak_slab":2,"minecraft:cooked_porkchop":37,"minecraft:amethyst_shard":152,"minecraft:white_bed":1,"minecraft:dark_prismarine":6,"minecraft:dark_prismarine_slab":1,"minecraft:diamond_shovel":2,"minecraft:stone_axe":2,"minecraft:iron_helmet":4,"minecraft:gray_wool":1,"minecraft:bread":121,"minecraft:lodestone":2,"minecraft:baked_potato":21,"minecraft:oak_sapling":22,"minecraft:black_wool":2,"minecraft:coal":284,"minecraft:diamond_pickaxe":1},"minecraft:killed":{"minecraft:skeleton":21,"minecraft:chicken":1,"minecraft:drowned":2,"minecraft:pig":11,"minecraft:iron_golem":1,"minecraft:creeper":2,"minecraft:sheep":20,"minecraft:zombie":2,"minecraft:cow":4},"minecraft:dropped":{"minecraft:iron_ingot":11,"minecraft:moss_block":1,"minecraft:wheat_seeds":17,"minecraft:golden_helmet":1,"minecraft:cooked_beef":4,"minecraft:spore_blossom":2,"minecraft:feather":6,"minecraft:iron_helmet":1,"minecraft:dark_prismarine_slab":1,"minecraft:prismarine_crystals":3,"minecraft:black_bed":1,"minecraft:amethyst_block":2,"minecraft:apple":24,"minecraft:emerald":2,"minecraft:gray_wool":1,"minecraft:iron_pickaxe":2,"minecraft:gold_ingot":7,"minecraft:stone_axe":1,"minecraft:stone_sword":1,"minecraft:raw_iron":8,"minecraft:chicken":1,"minecraft:rotten_flesh":10,"minecraft:diamond_shovel":2,"minecraft:warped_planks":7,"minecraft:diamond_sword":1,"minecraft:potato":31,"minecraft:diamond_pickaxe":1,"minecraft:andesite":1,"minecraft:oak_sapling":22,"minecraft:arrow":6,"minecraft:stone_pickaxe":1,"minecraft:wooden_pickaxe":1,"minecraft:calcite":2,"minecraft:dark_prismarine":1,"minecraft:black_wool":1},"minecraft:used":{"minecraft:stone_sword":27,"minecraft:spruce_slab":2,"minecraft:spruce_planks":6,"minecraft:shield":64,"minecraft:iron_sword":40,"minecraft:spruce_stairs":3,"minecraft:iron_axe":27,"minecraft:iron_helmet":1,"minecraft:dark_oak_slab":2,"minecraft:iron_boots":1,"minecraft:stone_bricks":1,"minecraft:light_gray_wool":3,"minecraft:furnace":7,"minecraft:cooked_beef":2,"minecraft:light_gray_bed":6,"minecraft:golden_axe":8,"minecraft:cooked_mutton":9,"minecraft:amethyst_block":2,"minecraft:stone_pickaxe":127,"minecraft:oak_planks":87,"minecraft:wooden_pickaxe":3,"minecraft:sandstone":3,"minecraft:white_wool":10,"minecraft:crafting_table":6,"minecraft:white_bed":1,"minecraft:stone_brick_wall":2,"minecraft:black_bed":1,"minecraft:warped_planks":2,"minecraft:dark_prismarine":1,"minecraft:diamond_pickaxe":4,"minecraft:black_wool":1,"minecraft:apple":1,"minecraft:bread":10,"minecraft:warped_slab":1,"minecraft:iron_pickaxe":64,"minecraft:golden_helmet":1,"minecraft:stone_axe":71,"minecraft:cobblestone":15,"minecraft:cooked_porkchop":12,"minecraft:bucket":1,"minecraft:andesite":3,"minecraft:oak_boat":2}},"DataVersion":3953}