{"stats":{"minecraft:broken":{"minecraft:iron_sword":1,"minecraft:wooden_axe":2},"minecraft:picked_up":{"quark:carrot_crate":1,"minecraft:iron_chestplate":1,"minecraft:wheat":3,"minecraft:flower_pot":1,"minecraft:anvil":2,"minecraft:wither_rose":2,"minecraft:potion":4,"minecraft:string":22,"quark:iron_plate":49,"minecraft:iron_leggings":2,"minecraft:armor_stand":8,"minecraft:pufferfish":2,"minecraft:experience_bottle":1,"minecraft:diamond_leggings":1,"minecraft:cobbled_deepslate":308,"comforts:sleeping_bag_white":12,"minecraft:spruce_planks":3,"minecraft:rose_bush":1,"minecraft:written_book":4,"minecraft:iron_pickaxe":1,"minecraft:enchanted_golden_apple":2,"minecraft:coal_block":21,"minecraft:furnace":7,"minecraft:iron_boots":3,"minecraft:golden_helmet":5,"minecraft:stick":4,"minecraft:oak_fence":2,"minecraft:torch":18,"born_in_chaos_v1:pileof_dark_metal":4,"born_in_chaos_v1:nightmare_claw":1,"minecraft:rotten_flesh":7,"born_in_chaos_v1:sea_terror_eye":2,"minecraft:tadpole_bucket":1,"supplementaries:ash":65,"minecraft:cod":22,"minecraft:cobblestone":149,"minecraft:nautilus_shell":7,"minecraft:cooked_beef":1,"minecraft:water_bucket":2,"minecraft:andesite":22,"minecraft:orange_carpet":2,"minecraft:golden_leggings":4,"minecraft:smoker":2,"minecraft:flint":1,"minecraft:tuff":9,"create:raw_zinc":5,"minecraft:dirt":3,"minecraft:lantern":27,"born_in_chaos_v1:monster_skin":1,"minecraft:leather_boots":2,"minecraft:mangrove_fence":1,"minecraft:bone":11,"quark:yellow_blossom_leaf_carpet":2,"minecraft:stonecutter":4,"minecraft:bow":2,"minecraft:wheat_seeds":5,"minecraft:raw_gold":20,"minecraft:cobbled_deepslate_slab":2,"minecraft:diamond_helmet":1,"quark:soul_bead":9,"minecraft:fletching_table":1,"minecraft:oak_planks":63,"minecraft:ink_sac":14,"create:honeyed_apple":2,"minecraft:mossy_cobblestone":1,"minecraft:diamond":33,"waystones:waystone":1,"minecraft:bone_meal":1,"minecraft:emerald":39,"minecraft:bread":16,"born_in_chaos_v1:rotten_fish":109,"born_in_chaos_v1:sea_terror_stomach":64,"minecraft:diamond_pickaxe":1,"minecraft:fishing_rod":8,"minecraft:crafting_table":11,"quark:red_shingles":1,"modernlife:motorboat_item":6,"minecraft:chain":1,"minecraft:iron_axe":1,"supplementaries:statue":2,"minecraft:white_carpet":3,"minecraft:beef":22,"minecraft:oak_boat":4,"born_in_chaos_v1:gnawed_bones":5,"minecraft:lectern":4,"minecraft:sugar_cane":32,"minecraft:raw_iron":53,"minecraft:spruce_fence":1,"quark:slime_in_a_bucket":1,"minecraft:blue_carpet":2,"minecraft:dark_oak_planks":2,"minecraft:arrow":2,"minecraft:diamond_chestplate":1,"create:experience_nugget":5,"minecraft:diamond_boots":1,"minecraft:hay_block":16,"born_in_chaos_v1:spiny_shell":29,"minecraft:totem_of_undying":2,"minecraft:gold_ingot":1,"minecraft:skeleton_skull":1,"born_in_chaos_v1:fused_bone":2,"minecraft:stripped_oak_log":1,"born_in_chaos_v1:corpse_maggot":46,"born_in_chaos_v1:monster_flesh":3,"minecraft:glow_ink_sac":11,"minecraft:salmon":64,"minecraft:leather":29,"minecraft:birch_planks":7,"quark:rusty_iron_plate":17,"fear_the_dark:dracoflora_eggseed":1,"minecraft:gunpowder":10,"minecraft:cobblestone_stairs":1,"minecraft:white_banner":1,"minecraft:red_carpet":16,"minecraft:apple":9,"minecraft:stone_bricks":8,"minecraft:iron_ingot":2,"minecraft:cobweb":4,"minecraft:iron_sword":1,"minecraft:dark_oak_stairs":2,"minecraft:book":640,"minecraft:sweet_berries":6,"supplementaries:sack":1,"born_in_chaos_v1:ethereal_spirit":1,"minecraft:raw_iron_block":1,"minecraft:spruce_sapling":2,"minecraft:blast_furnace":5,"minecraft:white_bed":5,"minecraft:spruce_log":22,"quark:oak_chest":6,"supplementaries:clock_block":1,"minecraft:slime_ball":114,"minecraft:iron_helmet":3,"minecraft:scute":5,"minecraft:diamond_axe":1,"create:rose_quartz_lamp":2,"quark:orange_blossom_leaf_carpet":2,"minecraft:black_wool":5,"minecraft:coal":7,"minecraft:ender_pearl":23},"minecraft:used":{"minecraft:iron_sword":265,"quark:carrot_crate":1,"minecraft:iron_chestplate":1,"minecraft:tuff":1,"minecraft:lantern":5,"create:rose_quartz_lamp":2,"minecraft:iron_helmet":1,"born_in_chaos_v1:gnawed_bones":1,"minecraft:stone_bricks":6,"quark:rusty_iron_plate":8,"minecraft:written_book":3,"minecraft:hay_block":5,"minecraft:furnace":2,"minecraft:diamond_boots":1,"minecraft:stone_pickaxe":53,"minecraft:oak_planks":43,"minecraft:wooden_pickaxe":17,"minecraft:diamond_axe":162,"minecraft:blast_furnace":3,"easy_villagers:villager":10,"minecraft:bread":64,"minecraft:lectern":3,"quark:soul_bead":43,"create:honeyed_apple":2,"minecraft:andesite":9,"minecraft:chain":1,"minecraft:oak_boat":5,"minecraft:cobweb":4,"minecraft:experience_bottle":2,"minecraft:spruce_planks":7,"minecraft:mangrove_fence":1,"minecraft:torch":34,"minecraft:dirt":3,"minecraft:diamond_helmet":1,"minecraft:spruce_fence":1,"born_in_chaos_v1:sea_terror_eye":1,"minecraft:dark_oak_planks":2,"minecraft:wooden_axe":143,"minecraft:iron_axe":90,"modernlife:motorboat_item":4,"quark:yellow_blossom_leaf_carpet":2,"minecraft:iron_boots":1,"minecraft:tadpole_bucket":1,"comforts:sleeping_bag_white":9,"minecraft:cooked_beef":14,"minecraft:cobbled_deepslate":161,"minecraft:iron_leggings":1,"minecraft:water_bucket":3,"minecraft:cobblestone_stairs":1,"supplementaries:sack":2,"minecraft:birch_planks":4,"minecraft:fletching_table":1,"minecraft:stonecutter":2,"minecraft:leather_boots":1,"minecraft:orange_carpet":2,"minecraft:crafting_table":9,"minecraft:white_bed":2,"minecraft:black_wool":5,"minecraft:diamond_pickaxe":398,"minecraft:iron_pickaxe":284,"minecraft:map":1,"minecraft:golden_leggings":1,"minecraft:fishing_rod":1,"minecraft:potion":3,"minecraft:cobblestone":145,"quark:slime_in_a_bucket":1,"minecraft:bucket":3,"minecraft:splash_potion":1},"minecraft:crafted":{"minecraft:bookshelf":3,"sophisticatedbackpacks:backpack":1,"minecraft:crafting_table":1,"minecraft:spruce_planks":24,"minecraft:wooden_pickaxe":1,"minecraft:stick":20,"quark:oak_chest":1,"minecraft:iron_ingot":53,"minecraft:iron_pickaxe":1,"minecraft:gold_ingot":10,"minecraft:coal":27,"minecraft:iron_axe":1,"minecraft:stone_pickaxe":1,"sophisticatedbackpacks:iron_backpack":1,"minecraft:cooked_beef":13,"minecraft:iron_sword":1,"sophisticatedbackpacks:gold_backpack":1,"minecraft:air":0,"minecraft:oak_boat":1,"minecraft:wooden_axe":3,"minecraft:torch":16},"minecraft:mined":{"minecraft:dark_oak_planks":2,"quark:dark_oak_bookshelf":14,"create:deepslate_zinc_ore":3,"quark:iron_plate":38,"minecraft:white_bed":4,"minecraft:cobblestone_stairs":1,"quark:yellow_shingles":1,"minecraft:jungle_leaves":1,"minecraft:spruce_trapdoor":1,"minecraft:grass_block":2,"minecraft:mangrove_fence":1,"minecraft:coal_block":9,"minecraft:spawner":2,"comforts:sleeping_bag_white":2,"minecraft:iron_ore":6,"minecraft:cobbled_deepslate":22,"minecraft:fire":4,"minecraft:fletching_table":1,"minecraft:anvil":1,"minecraft:dark_oak_stairs":2,"minecraft:white_banner":1,"quark:blossom_bookshelf":2,"minecraft:smoker":1,"minecraft:powder_snow":6,"minecraft:torch":7,"minecraft:blast_furnace":5,"minecraft:cobblestone":28,"minecraft:sugar_cane":12,"minecraft:oak_planks":4,"minecraft:wall_torch":5,"create:rose_quartz_lamp":1,"quark:mangrove_bookshelf":7,"minecraft:grass":7,"quark:orange_blossom_leaf_carpet":2,"minecraft:dirt":1,"minecraft:stonecutter":3,"minecraft:oak_leaves":1,"minecraft:deepslate":346,"supplementaries:clock_block":1,"minecraft:red_carpet":1,"minecraft:tuff":15,"minecraft:mossy_cobblestone":1,"minecraft:deepslate_diamond_ore":8,"minecraft:cobbled_deepslate_slab":2,"minecraft:spruce_fence":1,"minecraft:spruce_leaves":8,"minecraft:hay_block":16,"quark:red_shingles":3,"minecraft:furnace":7,"minecraft:andesite":28,"minecraft:bookshelf":191,"minecraft:deepslate_iron_ore":47,"minecraft:lantern":1,"minecraft:stone":124,"supplementaries:wall_lantern":3,"minecraft:acacia_leaves":1,"supplementaries:statue":1,"minecraft:glass_pane":5,"minecraft:oak_fence":2,"minecraft:crafting_table":11,"minecraft:rose_bush":1,"minecraft:lectern":4,"supplementaries:sack":1,"minecraft:tall_grass":3,"minecraft:deepslate_gold_ore":8,"supplementaries:urn":6,"quark:carrot_crate":1,"minecraft:sweet_berry_bush":2,"minecraft:white_carpet":2,"minecraft:spruce_log":22,"minecraft:birch_leaves":1,"quark:rusty_iron_plate":8,"minecraft:black_wool":14,"minecraft:dead_brain_coral_block":1,"quark:yellow_blossom_leaf_carpet":2,"minecraft:flower_pot":1,"minecraft:cobweb":7,"minecraft:cracked_stone_bricks":1,"minecraft:stone_bricks":9,"minecraft:gold_ore":1,"minecraft:fern":1},"minecraft:killed_by":{"sackman:sackman":1,"the_impersonator:the_impersonator":2,"bread_dweller:bread_dweller":1,"the_rake:the_rake":1,"minecraft:vindicator":11,"man:managgresive":1,"born_in_chaos_v1:siamese_skeletons":1,"torture:torture":2,"cartoon_dog:cartoon_dog":2,"demonic_watcher:demonic_watcher":2,"hidden_shadow:hidden_shadow":2,"minecraft:player":1,"pale_hound:pale_hound":1,"cartoon_dweller:cartoon_dweller":1,"new_creepypasta_mod:slenderman":3,"new_creepypasta_mod:momo":2,"simon_12:simon_12":2,"mokey:mokey":2,"dweller_king:dweller_king":1,"cave_dweller:cave_dweller":1,"assimilator:assimilator":1},"minecraft:killed":{"born_in_chaos_v1:restless_spirit":2,"born_in_chaos_v1:siamese_skeletonsright":1,"minecraft:skeleton":2,"mokey:mokey":1,"minecraft:creeper":2,"minecraft:zombie":5,"born_in_chaos_v1:dread_hound":3,"apollyon:the_damned":1,"minecraft:cow":14,"born_in_chaos_v1:siamese_skeletonsleft":1,"minecraft:evoker":2,"minecraft:vindicator":8,"the_rake:the_rake":1,"born_in_chaos_v1:maggot":2,"minecraft:horse":4,"born_in_chaos_v1:corpse_fish":1,"minecraft:drowned":1,"minecraft:snow_golem":1,"new_creepypasta_mod:momo":1,"born_in_chaos_v1:baby_skeleton":1,"cursed_sheep:cursed_sheep":1,"born_in_chaos_v1:decrepit_skeleton":1,"born_in_chaos_v1:nightmare_stalker":1,"quark:wraith":7},"minecraft:dropped":{"minecraft:iron_sword":2,"minecraft:dark_oak_stairs":2,"minecraft:birch_planks":13,"quark:orange_blossom_leaf_carpet":2,"minecraft:glow_ink_sac":3,"minecraft:glass_bottle":3,"minecraft:diamond":3,"minecraft:scute":1,"minecraft:lantern":22,"minecraft:leather":2,"born_in_chaos_v1:sea_terror_eye":1,"born_in_chaos_v1:nightmare_claw":1,"minecraft:red_carpet":36,"minecraft:flint":1,"born_in_chaos_v1:monster_flesh":3,"born_in_chaos_v1:monster_skin":1,"minecraft:bone_meal":1,"minecraft:iron_pickaxe":3,"minecraft:fishing_rod":3,"quark:oak_chest":6,"minecraft:gold_ingot":3,"minecraft:bone":1,"minecraft:armor_stand":8,"minecraft:cobbled_deepslate":10,"minecraft:wheat":3,"born_in_chaos_v1:ethereal_spirit":1,"minecraft:rotten_flesh":5,"minecraft:oak_planks":4,"minecraft:enchanted_golden_apple":1,"minecraft:white_bed":3,"supplementaries:ash":64,"minecraft:gunpowder":10,"minecraft:skeleton_skull":1,"born_in_chaos_v1:corpse_maggot":10,"minecraft:leather_boots":3,"comforts:sleeping_bag_white":2,"minecraft:arrow":2,"minecraft:written_book":4,"minecraft:lectern":1,"minecraft:iron_ingot":23,"create:rose_quartz":2,"minecraft:wheat_seeds":5,"minecraft:golden_helmet":4,"minecraft:cobblestone":1,"minecraft:oak_fence":2,"minecraft:iron_helmet":2,"minecraft:book":16,"minecraft:apple":18,"minecraft:coal":19,"minecraft:stick":5,"born_in_chaos_v1:gnawed_bones":4,"quark:red_shingles":1,"minecraft:ink_sac":3,"minecraft:torch":2,"minecraft:wooden_axe":1,"minecraft:rose_bush":1,"born_in_chaos_v1:fused_bone":2,"minecraft:potion":1,"minecraft:iron_leggings":2,"quark:soul_bead":7,"minecraft:wither_rose":1,"minecraft:white_banner":1,"minecraft:stonecutter":2,"minecraft:iron_axe":2,"minecraft:string":2,"create:raw_zinc":5,"minecraft:spruce_sapling":1,"minecraft:sweet_berries":6,"minecraft:tuff":8,"born_in_chaos_v1:rotten_fish":6,"minecraft:white_carpet":14,"minecraft:iron_boots":3,"minecraft:stripped_oak_log":1,"minecraft:potato":17,"minecraft:flower_pot":1,"minecraft:andesite":13,"minecraft:iron_chestplate":1,"minecraft:golden_leggings":3,"minecraft:stone_bricks":2,"minecraft:spruce_log":16,"minecraft:slime_ball":2,"minecraft:bow":2,"quark:rusty_iron_plate":8,"minecraft:stone_pickaxe":1,"minecraft:wooden_pickaxe":1,"minecraft:raw_gold":1},"minecraft:custom":{"lootr:looted_stat":35,"minecraft:interact_with_crafting_table":12,"minecraft:open_barrel":8,"minecraft:leave_game":9,"minecraft:time_since_death":112914,"minecraft:damage_resisted":45,"minecraft:sprint_one_cm":501208,"minecraft:drop":149,"minecraft:talked_to_villager":32,"minecraft:play_time":502445,"minecraft:deaths":44,"minecraft:jump":3160,"minecraft:interact_with_brewingstand":3,"minecraft:walk_on_water_one_cm":41890,"minecraft:interact_with_furnace":13,"minecraft:traded_with_villager":3,"minecraft:sleep_in_bed":11,"minecraft:damage_dealt":27787,"minecraft:player_kills":1,"minecraft:crouch_one_cm":46371,"minecraft:interact_with_smoker":1,"minecraft:mob_kills":76,"minecraft:damage_dealt_resisted":502,"minecraft:climb_one_cm":14662,"minecraft:walk_one_cm":631332,"minecraft:damage_dealt_absorbed":80,"minecraft:sneak_time":20985,"minecraft:walk_under_water_one_cm":20888,"minecraft:boat_one_cm":25303,"minecraft:interact_with_blast_furnace":26,"minecraft:total_world_time":502445,"minecraft:time_since_rest":31683,"minecraft:damage_taken":16464,"minecraft:swim_one_cm":35652,"minecraft:fly_one_cm":481566,"minecraft:open_chest":57,"minecraft:fall_one_cm":63336}},"DataVersion":3120}