{"stats":{"minecraft:crafted":{"minecraft:black_dye":1,"minecraft:oak_planks":68,"minecraft:furnace":1,"minecraft:bone_meal":177,"minecraft:warped_planks":4,"minecraft:bow":2,"minecraft:diamond_leggings":1,"minecraft:stone_pickaxe":2,"minecraft:chest":1,"minecraft:emerald":42,"minecraft:crafting_table":1,"minecraft:spruce_planks":628,"minecraft:wooden_pickaxe":1,"minecraft:baked_potato":7,"minecraft:stone_axe":2,"minecraft:air":0,"minecraft:iron_chestplate":1,"minecraft:stick":1324,"minecraft:iron_ingot":12,"minecraft:iron_pickaxe":2,"minecraft:stone_sword":3,"minecraft:black_bed":1,"minecraft:torch":4},"minecraft:custom":{"minecraft:interact_with_anvil":6,"minecraft:mob_kills":65,"minecraft:interact_with_crafting_table":21,"minecraft:open_barrel":51,"minecraft:leave_game":1,"minecraft:time_since_death":261707,"minecraft:sprint_one_cm":695814,"minecraft:walk_one_cm":426272,"minecraft:damage_blocked_by_shield":2520,"minecraft:drop":202,"minecraft:talked_to_villager":38,"minecraft:play_time":261707,"minecraft:sneak_time":30839,"minecraft:walk_under_water_one_cm":5103,"minecraft:jump":4887,"minecraft:interact_with_blast_furnace":2,"minecraft:walk_on_water_one_cm":11760,"minecraft:total_world_time":261707,"minecraft:interact_with_furnace":55,"minecraft:traded_with_villager":43,"minecraft:interact_with_grindstone":8,"minecraft:sleep_in_bed":12,"minecraft:time_since_rest":4087,"minecraft:damage_taken":2242,"minecraft:damage_dealt":10817,"minecraft:swim_one_cm":35865,"minecraft:fly_one_cm":747347,"minecraft:open_chest":118,"minecraft:crouch_one_cm":69546,"minecraft:interact_with_smoker":3,"minecraft:fall_one_cm":93851},"minecraft:dropped":{"minecraft:spruce_sign":6,"minecraft:iron_ingot":10,"minecraft:wheat_seeds":288,"minecraft:oak_pressure_plate":1,"minecraft:cobbled_deepslate_stairs":1,"minecraft:baked_potato":5,"minecraft:diamond":1,"minecraft:oak_fence":2,"minecraft:iron_helmet":2,"minecraft:cobblestone":32,"minecraft:lantern":1,"minecraft:apple":2,"minecraft:coal":456,"minecraft:stick":307,"minecraft:emerald":30,"minecraft:gold_block":3,"minecraft:dirt":13,"minecraft:diorite":15,"minecraft:lodestone":1,"minecraft:iron_leggings":2,"minecraft:oak_stairs":2,"minecraft:pumpkin_pie":60,"minecraft:bone_meal":78,"minecraft:polished_blackstone_bricks":1,"minecraft:raw_iron_block":2,"minecraft:iron_pickaxe":2,"minecraft:string":1,"minecraft:bucket":1,"minecraft:gold_ingot":6,"minecraft:bone":2,"minecraft:stone_axe":2,"minecraft:soul_soil":1,"minecraft:stone_sword":2,"minecraft:cobbled_deepslate":3,"minecraft:bowl":8,"minecraft:wheat":104,"minecraft:soul_lantern":1,"minecraft:raw_iron":85,"minecraft:rotten_flesh":6,"minecraft:oak_planks":14,"minecraft:iron_boots":1,"minecraft:stone_slab":2,"minecraft:azure_bluet":1,"minecraft:white_bed":1,"minecraft:warped_planks":3,"minecraft:poppy":1,"minecraft:hay_block":61,"minecraft:gunpowder":2,"minecraft:diamond_chestplate":1,"minecraft:spruce_planks":4,"minecraft:charcoal":21,"minecraft:diamond_pickaxe":8,"minecraft:iron_chestplate":2,"minecraft:andesite":6,"minecraft:oak_sapling":1,"minecraft:spider_eye":1,"minecraft:spruce_log":3852,"minecraft:sandstone":2,"minecraft:iron_bars":1,"minecraft:wooden_pickaxe":1,"minecraft:stone_pickaxe":1,"minecraft:calcite":2},"minecraft:picked_up":{"minecraft:charcoal":35,"minecraft:crafting_table":3,"minecraft:wheat":104,"minecraft:azure_bluet":1,"minecraft:suspicious_stew":3,"minecraft:stone_slab":2,"minecraft:diamond_sword":1,"minecraft:oak_stairs":2,"minecraft:gold_block":3,"minecraft:chain":1,"minecraft:shield":1,"minecraft:string":13,"minecraft:red_bed":1,"minecraft:soul_soil":1,"minecraft:iron_leggings":1,"minecraft:sea_pickle":2,"minecraft:cobbled_deepslate":13,"minecraft:stripped_warped_stem":1,"minecraft:bucket":2,"minecraft:spruce_planks":5,"minecraft:warped_slab":1,"minecraft:calcite":2,"minecraft:azalea":1,"minecraft:iron_pickaxe":2,"minecraft:poppy":1,"minecraft:light_gray_wool":2,"minecraft:spruce_slab":1,"minecraft:sugar_cane":43,"minecraft:furnace":4,"minecraft:raw_iron":106,"minecraft:stick":327,"minecraft:sandstone":7,"minecraft:composter":1,"minecraft:oak_fence":3,"minecraft:torch":2,"minecraft:bowl":2,"minecraft:spruce_stairs":1,"minecraft:polished_blackstone_bricks":1,"minecraft:stone_button":1,"minecraft:diorite":20,"minecraft:warped_planks":6,"minecraft:warped_door":1,"minecraft:stone_sword":1,"minecraft:arrow":61,"minecraft:rotten_flesh":6,"minecraft:diamond_chestplate":1,"minecraft:pumpkin_pie":64,"minecraft:deepslate_bricks":1,"minecraft:diamond_boots":2,"minecraft:hay_block":62,"minecraft:mutton":1,"minecraft:iron_bars":1,"minecraft:cobblestone":260,"minecraft:purple_dye":1,"minecraft:golden_carrot":304,"minecraft:andesite":15,"minecraft:black_bed":5,"minecraft:smoker":1,"minecraft:smooth_sandstone_stairs":2,"minecraft:stripped_spruce_wood":4,"minecraft:oak_log":17,"minecraft:cobblestone_wall":2,"minecraft:cobbled_deepslate_stairs":3,"minecraft:gunpowder":2,"minecraft:dirt":19,"minecraft:lantern":4,"minecraft:bone":53,"minecraft:apple":2,"minecraft:stone_bricks":20,"minecraft:bow":2,"minecraft:wheat_seeds":288,"minecraft:grindstone":2,"minecraft:iron_ingot":4,"minecraft:fletching_table":4,"minecraft:diamond_helmet":1,"minecraft:oak_planks":5,"minecraft:book":60,"minecraft:raw_iron_block":2,"minecraft:oak_pressure_plate":2,"minecraft:gravel":1,"minecraft:lava_bucket":1,"minecraft:stripped_spruce_log":2,"minecraft:spruce_sapling":642,"minecraft:ink_sac":3,"minecraft:white_bed":1,"minecraft:spruce_log":4021,"minecraft:spider_eye":1,"minecraft:barrel":1,"minecraft:dark_prismarine_slab":2,"minecraft:spruce_fence_gate":1,"minecraft:diamond":1,"minecraft:polished_blackstone_pressure_plate":1,"minecraft:soul_lantern":1,"minecraft:diamond_axe":2,"minecraft:bone_meal":27,"minecraft:spruce_sign":8,"minecraft:emerald":18,"minecraft:bread":3,"minecraft:lodestone":1,"minecraft:oak_sapling":2,"minecraft:brown_banner":2,"minecraft:coal":469,"minecraft:diamond_pickaxe":10},"minecraft:broken":{"minecraft:stone_pickaxe":1,"minecraft:shield":1,"minecraft:iron_pickaxe":2},"minecraft:mined":{"minecraft:stripped_warped_stem":1,"minecraft:tuff":5,"minecraft:spruce_planks":5,"minecraft:white_bed":1,"minecraft:cobbled_deepslate_stairs":3,"minecraft:deepslate_diamond_ore":1,"minecraft:grass_block":2,"minecraft:oak_pressure_plate":2,"minecraft:deepslate_bricks":1,"minecraft:soul_soil":1,"minecraft:spruce_leaves":40,"minecraft:polished_blackstone_pressure_plate":1,"minecraft:spawner":10,"minecraft:hay_block":61,"minecraft:large_fern":3,"minecraft:polished_blackstone_bricks":1,"minecraft:raw_iron_block":2,"minecraft:furnace":4,"minecraft:iron_ore":85,"minecraft:barrel":1,"minecraft:cobbled_deepslate":2,"minecraft:andesite":18,"minecraft:stripped_spruce_log":2,"minecraft:fletching_table":3,"minecraft:gold_block":3,"minecraft:bookshelf":20,"minecraft:deepslate_iron_ore":22,"minecraft:oak_stairs":2,"minecraft:iron_bars":1,"minecraft:smooth_sandstone_stairs":1,"minecraft:stone":213,"minecraft:glass_pane":2,"minecraft:red_bed":1,"minecraft:smoker":1,"minecraft:oak_fence":2,"visualworkbench:minecraft/crafting_table":3,"minecraft:smooth_sandstone":6,"minecraft:short_grass":28,"minecraft:emerald_ore":17,"minecraft:calcite":2,"minecraft:andesite_slab":1,"minecraft:campfire":7,"minecraft:stone_slab":1,"minecraft:cobblestone":26,"minecraft:oak_planks":4,"minecraft:sugar_cane":16,"minecraft:grindstone":2,"minecraft:diorite":15,"minecraft:wall_torch":2,"minecraft:spruce_stairs":1,"minecraft:chain":1,"minecraft:cobblestone_wall":2,"minecraft:stripped_spruce_wood":1,"minecraft:warped_planks":6,"minecraft:wheat":107,"minecraft:spruce_log":3970,"minecraft:light_gray_wool":2,"minecraft:black_bed":5,"minecraft:dark_prismarine_slab":1,"minecraft:coal_ore":387,"minecraft:oak_log":17,"minecraft:gravel":1,"minecraft:dirt":17,"minecraft:cobweb":10,"minecraft:spruce_fence_gate":1,"minecraft:stone_bricks":24,"minecraft:oak_leaves":2,"minecraft:deepslate":18,"minecraft:warped_slab":1},"minecraft:used":{"minecraft:oak_fence":1,"minecraft:stone_sword":78,"minecraft:chest":1,"minecraft:spruce_planks":9,"minecraft:shield":49,"minecraft:iron_chestplate":3,"minecraft:torch":6,"minecraft:dirt":6,"minecraft:warped_door":1,"minecraft:diamond_helmet":1,"minecraft:lantern":2,"minecraft:iron_helmet":1,"minecraft:iron_boots":1,"minecraft:golden_carrot":2,"minecraft:stone_bricks":17,"minecraft:hay_block":1,"minecraft:diamond_chestplate":2,"minecraft:light_gray_wool":2,"minecraft:bow":35,"minecraft:furnace":3,"minecraft:cobbled_deepslate":11,"minecraft:iron_leggings":1,"minecraft:water_bucket":20,"minecraft:diorite":5,"minecraft:diamond_boots":1,"minecraft:baked_potato":2,"minecraft:oak_planks":3,"minecraft:sugar_cane":1,"minecraft:stone_pickaxe":131,"minecraft:wooden_pickaxe":18,"minecraft:spruce_sign":2,"minecraft:composter":1,"minecraft:fletching_table":3,"minecraft:diamond_axe":3990,"minecraft:dark_prismarine_slab":1,"minecraft:crafting_table":4,"minecraft:brown_banner":2,"minecraft:black_bed":6,"minecraft:spruce_log":14,"minecraft:cobbled_deepslate_stairs":2,"minecraft:warped_planks":5,"minecraft:diamond_pickaxe":3,"minecraft:iron_pickaxe":733,"minecraft:oak_pressure_plate":1,"minecraft:bread":66,"minecraft:gravel":1,"minecraft:stone_button":1,"minecraft:suspicious_stew":6,"minecraft:spruce_sapling":217,"minecraft:stone_axe":60,"minecraft:diamond_sword":99,"minecraft:cobblestone":147,"minecraft:grindstone":1,"minecraft:andesite":5,"minecraft:chain":1,"minecraft:bucket":21,"minecraft:sea_pickle":2,"minecraft:pumpkin_pie":4,"minecraft:bone_meal":112},"minecraft:killed":{"minecraft:spider":3,"minecraft:skeleton":29,"minecraft:zombie_villager":1,"minecraft:iron_golem":1,"minecraft:creeper":6,"minecraft:squid":1,"minecraft:sheep":1,"minecraft:zombie":21}},"DataVersion":3953}