{"stats":{"minecraft:used":{"minecraft:spider_spawn_egg":1,"minecraft:wheat_seeds":27,"minecraft:oak_fence":26,"minecraft:water_bucket":1,"minecraft:stone_sword":3,"minecraft:cow_spawn_egg":2,"minecraft:ladder":3,"minecraft:chest":9,"minecraft:sheep_spawn_egg":3,"minecraft:wooden_shovel":11,"minecraft:torch":3,"minecraft:dirt":178,"minecraft:crafting_table":1,"minecraft:mushroom_stew":7,"minecraft:carrot":47,"minecraft:wooden_axe":17,"minecraft:wooden_hoe":23,"minecraft:grass_block":1,"minecraft:pig_spawn_egg":1,"minecraft:sweet_berries":1,"minecraft:oak_sapling":8,"minecraft:egg":3},"minecraft:picked_up":{"minecraft:birch_log":21,"minecraft:crafting_table":1,"minecraft:wheat":26,"minecraft:andesite":4,"minecraft:golden_carrot":1,"minecraft:clay_ball":52,"minecraft:mushroom_stew":2,"minecraft:flint":2,"minecraft:oak_log":40,"minecraft:amethyst_block":2,"minecraft:string":3,"minecraft:dirt":106,"minecraft:raw_copper":22,"minecraft:wooden_sword":1,"minecraft:apple":3,"minecraft:wheat_seeds":75,"minecraft:stone_pickaxe":1,"minecraft:azalea":2,"minecraft:wooden_shovel":2,"minecraft:melon_slice":6,"minecraft:chest":8,"minecraft:birch_sapling":2,"minecraft:egg":6,"minecraft:stick":8,"minecraft:raw_iron":2,"minecraft:pumpkin":4,"minecraft:torch":3,"minecraft:gravel":22,"minecraft:porkchop":1,"minecraft:amethyst_shard":2,"minecraft:grass_block":1,"minecraft:carrot":87,"minecraft:spider_eye":2,"minecraft:stone_sword":1,"minecraft:stone_shovel":1,"minecraft:stone_axe":1,"minecraft:granite":1,"minecraft:oak_sapling":20,"minecraft:coal":2,"minecraft:cobblestone":34},"minecraft:mined":{"minecraft:oak_sapling":7,"minecraft:crafting_table":1,"minecraft:torch":3,"minecraft:grass_block":9,"minecraft:carrots":21,"minecraft:birch_log":1,"minecraft:sweet_berry_bush":1,"minecraft:wheat":27,"minecraft:oak_log":17,"minecraft:dirt":24,"minecraft:oak_leaves":5},"minecraft:crafted":{"minecraft:oak_planks":132,"minecraft:stone_shovel":1,"minecraft:bowl":24,"minecraft:stone_axe":1,"minecraft:wooden_hoe":1,"minecraft:ladder":3,"minecraft:stick":16,"minecraft:stone_pickaxe":1,"minecraft:wooden_axe":1,"minecraft:chest":2,"minecraft:oak_fence":30},"minecraft:custom":{"minecraft:animals_bred":1,"minecraft:interact_with_crafting_table":16,"minecraft:leave_game":2,"minecraft:time_since_death":68859,"minecraft:climb_one_cm":3659,"minecraft:time_since_rest":68885,"minecraft:sprint_one_cm":23561,"minecraft:damage_taken":1045,"minecraft:walk_one_cm":112100,"minecraft:drop":17,"minecraft:damage_dealt":233,"minecraft:fly_one_cm":9721,"minecraft:open_chest":272,"minecraft:crouch_one_cm":33630,"minecraft:play_time":87753,"minecraft:deaths":2,"minecraft:sneak_time":8880,"minecraft:walk_under_water_one_cm":824,"minecraft:jump":385,"minecraft:walk_on_water_one_cm":89,"minecraft:total_world_time":87836,"minecraft:fall_one_cm":7903},"minecraft:dropped":{"minecraft:stone_axe":1,"minecraft:stone_shovel":1,"minecraft:mushroom_stew":9,"minecraft:wooden_hoe":1,"minecraft:wooden_axe":1,"minecraft:wooden_shovel":5,"minecraft:wooden_sword":1,"minecraft:stone_pickaxe":1}},"DataVersion":3465}