{"stats":{"minecraft:used":{"minecraft:oak_fence":27,"minecraft:stone_sword":66,"minecraft:ladder":3,"minecraft:decorated_pot":1,"minecraft:chest":21,"minecraft:wooden_shovel":11,"minecraft:torch":4,"minecraft:dirt":184,"minecraft:carrot":47,"minecraft:snowball":31,"piercingpaxels:stone_paxel":11,"plentyofarmors:copper_chestplate":1,"minecraft:wooden_axe":17,"minecraft:grass_block":1,"minecraft:iron_helmet":1,"minecraft:item_frame":6,"minecraft:sweet_berries":1,"minecraft:oak_sapling":10,"minecraft:furnace":3,"minecraft:egg":8,"minecraft:spider_spawn_egg":1,"minecraft:wheat_seeds":35,"minecraft:water_bucket":5,"minecraft:cow_spawn_egg":2,"minecraft:blue_wool":3,"minecraft:stone_pickaxe":3,"minecraft:sheep_spawn_egg":3,"minecraft:white_wool":1,"minecraft:crafting_table":1,"minecraft:mushroom_stew":11,"minecraft:white_bed":1,"minecraft:gray_terracotta":2,"minecraft:wooden_hoe":23,"minecraft:pig_spawn_egg":1,"minecraft:stone_axe":4,"minecraft:cobblestone":1,"minecraft:bucket":5,"minecraft:brush":69},"minecraft:broken":{"minecraft:leather_helmet":1,"minecraft:iron_helmet":1},"minecraft:killed":{"minecraft:spider":4,"minecraft:fox":2,"minecraft:chicken":3,"minecraft:wolf":2,"minecraft:pig":1,"minecraft:polar_bear":3,"minecraft:sheep":3,"minecraft:goat":1,"minecraft:zombie":5,"minecraft:mooshroom":5,"minecraft:stray":2,"minecraft:cow":1},"minecraft:crafted":{"minecraft:oak_planks":140,"minecraft:raw_iron":9,"minecraft:stone_shovel":1,"minecraft:furnace":2,"minecraft:raw_copper_block":49,"minecraft:raw_copper":54,"minecraft:ladder":3,"minecraft:stone_pickaxe":2,"minecraft:chest":2,"plentyofarmors:copper_boots":2,"plentyofarmors:copper_chestplate":2,"minecraft:oak_fence":30,"minecraft:cooked_beef":10,"minecraft:item_frame":4,"minecraft:cooked_porkchop":13,"minecraft:bowl":24,"minecraft:copper_ingot":19,"minecraft:stone_axe":1,"minecraft:air":0,"plentyofarmors:copper_helmet":2,"minecraft:wooden_hoe":1,"minecraft:stick":16,"plentyofarmors:copper_leggings":2,"minecraft:iron_ingot":63,"minecraft:wooden_axe":1,"minecraft:snow_block":87,"minecraft:gold_ingot":55,"minecraft:white_bed":1},"minecraft:killed_by":{"minecraft:player":2,"minecraft:stray":1,"minecraft:creeper":1,"minecraft:zombie":1},"minecraft:dropped":{"minecraft:cooked_beef":24,"minecraft:diamond":17,"minecraft:cooked_porkchop":13,"plentyofarmors:copper_boots":1,"minecraft:copper_ingot":1,"minecraft:mushroom_stew":9,"plentyofarmors:copper_helmet":1,"minecraft:brush":2,"minecraft:wooden_hoe":1,"minecraft:wooden_axe":1,"minecraft:rabbit":1,"minecraft:wooden_sword":2,"minecraft:iron_shovel":1,"minecraft:smooth_basalt":1,"minecraft:stone_axe":2,"plentyofarmors:copper_chestplate":1,"plentyofarmors:copper_leggings":1,"minecraft:stone_sword":1,"minecraft:raw_copper":1,"piercingpaxels:stone_paxel":2,"minecraft:blue_wool":1,"minecraft:stone_shovel":2,"piercingpaxels:iron_paxel":1,"minecraft:rabbit_foot":1,"minecraft:rabbit_hide":1,"minecraft:leather_boots":2,"minecraft:wooden_shovel":7,"minecraft:stone_pickaxe":3,"minecraft:wooden_pickaxe":2},"minecraft:picked_up":{"minecraft:crafting_table":1,"minecraft:wheat":34,"minecraft:allium":2,"minecraft:chicken":11,"minecraft:clay_ball":180,"minecraft:brown_mushroom":2,"minecraft:wooden_pickaxe":2,"minecraft:amethyst_block":106,"minecraft:music_disc_cat":1,"minecraft:string":12,"minecraft:raw_copper":886,"minecraft:wooden_sword":2,"minecraft:item_frame":2,"minecraft:iron_shovel":1,"minecraft:deepslate_tiles":20,"minecraft:candle":5,"minecraft:cobbled_deepslate":118,"minecraft:music_disc_otherside":1,"minecraft:beef":19,"minecraft:calcite":78,"minecraft:azalea":2,"minecraft:wooden_shovel":4,"minecraft:birch_sapling":3,"minecraft:melon_slice":46,"minecraft:chest":48,"minecraft:furnace":1,"minecraft:raw_copper_block":6,"minecraft:egg":19,"minecraft:blue_wool":4,"minecraft:tipped_arrow":4,"minecraft:dark_oak_sapling":17,"minecraft:stick":14,"minecraft:raw_iron":98,"minecraft:sheaf_pottery_sherd":17,"minecraft:raw_gold_block":5,"minecraft:mooshroom_spawn_egg":1,"minecraft:copper_ingot":53,"minecraft:oak_fence":3,"minecraft:torch":7,"minecraft:bowl":3,"minecraft:porkchop":14,"piercingpaxels:iron_paxel":1,"minecraft:diorite":80,"minecraft:carrot":174,"minecraft:redstone":1,"minecraft:rabbit_foot":1,"minecraft:shaper_armor_trim_smithing_template":1,"minecraft:howl_pottery_sherd":20,"minecraft:zombie_spawn_egg":1,"minecraft:stone_sword":1,"minecraft:arrow":10,"minecraft:stone_shovel":1,"minecraft:rotten_flesh":9,"minecraft:decorated_pot":1,"minecraft:deepslate_bricks":33,"minecraft:gold_ingot":1,"minecraft:white_terracotta":31,"minecraft:mutton":17,"minecraft:host_armor_trim_smithing_template":1,"minecraft:rail":2,"minecraft:cod":1,"minecraft:snowball":384,"minecraft:white_wool":3,"minecraft:cobblestone":317,"minecraft:heartbreak_pottery_sherd":28,"minecraft:birch_log":68,"minecraft:cooked_beef":14,"minecraft:feather":33,"minecraft:water_bucket":1,"minecraft:golden_carrot":7,"minecraft:andesite":72,"minecraft:leather":20,"minecraft:powder_snow_bucket":1,"minecraft:music_disc_stal":1,"minecraft:red_mushroom":3,"minecraft:ice":1,"minecraft:mushroom_stew":6,"minecraft:flint":17,"minecraft:tuff":35,"minecraft:light_gray_dye":4,"minecraft:oak_log":160,"minecraft:gunpowder":1,"minecraft:map":1,"minecraft:lapis_lazuli":99,"minecraft:dirt":490,"minecraft:disc_fragment_5":3,"minecraft:leather_boots":2,"minecraft:bone":24,"minecraft:apple":20,"minecraft:gray_terracotta":10,"minecraft:wheat_seeds":107,"minecraft:raw_gold":32,"minecraft:rabbit_hide":6,"minecraft:iron_ingot":1,"minecraft:music_disc_far":1,"minecraft:stone_pickaxe":3,"minecraft:rabbit":1,"minecraft:oak_planks":50,"minecraft:flowering_azalea":3,"minecraft:book":3,"minecraft:glow_lichen":4,"minecraft:smooth_basalt":35,"minecraft:sheep_spawn_egg":1,"minecraft:pumpkin":11,"minecraft:sweet_berries":3,"minecraft:brush":2,"minecraft:budding_amethyst":2,"minecraft:raw_iron_block":2,"minecraft:dripstone_block":7,"minecraft:gravel":116,"minecraft:enderman_spawn_egg":1,"minecraft:amethyst_shard":8,"piercingpaxels:stone_paxel":1,"minecraft:spruce_sapling":8,"minecraft:spruce_log":34,"minecraft:grass_block":2,"minecraft:dark_oak_log":29,"minecraft:spider_eye":5,"minecraft:leather_helmet":1,"minecraft:wither_skeleton_spawn_egg":1,"minecraft:iron_hoe":1,"minecraft:pumpkin_seeds":1,"minecraft:blue_terracotta":3,"minecraft:diamond":23,"minecraft:stone_axe":1,"minecraft:iron_helmet":1,"minecraft:granite":74,"minecraft:bone_meal":11,"minecraft:terracotta":18,"minecraft:oak_sapling":27,"minecraft:coal":63,"minecraft:sunflower":2},"minecraft:mined":{"minecraft:oak_sapling":7,"minecraft:grass_block":9,"minecraft:decorated_pot":1,"minecraft:blue_wool":2,"minecraft:carrots":44,"minecraft:furnace":1,"minecraft:gray_terracotta":2,"minecraft:crafting_table":1,"minecraft:torch":4,"diagonalfences:minecraft/oak_fence":2,"minecraft:chest":2,"minecraft:cobblestone":1,"minecraft:birch_log":1,"minecraft:wheat":35,"minecraft:sweet_berry_bush":1,"minecraft:ice":7,"minecraft:oak_log":17,"minecraft:dirt":28,"minecraft:oak_leaves":5},"minecraft:custom":{"minecraft:mob_kills":34,"minecraft:animals_bred":14,"minecraft:interact_with_crafting_table":25,"minecraft:leave_game":2,"minecraft:time_since_death":15333,"minecraft:climb_one_cm":3659,"minecraft:sprint_one_cm":120811,"minecraft:walk_one_cm":295434,"minecraft:drop":66,"minecraft:play_time":212686,"minecraft:deaths":30,"minecraft:sneak_time":13270,"minecraft:walk_under_water_one_cm":2042,"minecraft:jump":1020,"minecraft:walk_on_water_one_cm":847,"minecraft:total_world_time":212769,"minecraft:interact_with_furnace":51,"minecraft:sleep_in_bed":1,"minecraft:time_since_rest":15359,"minecraft:damage_taken":8544,"minecraft:damage_dealt":4545,"minecraft:fly_one_cm":85926,"minecraft:open_chest":954,"minecraft:crouch_one_cm":47210,"minecraft:fall_one_cm":9925}},"DataVersion":3465}