{"stats":{"minecraft:picked_up":{"minecraft:crafting_table":8,"minecraft:feather":4,"minecraft:cooked_beef":7,"minecraft:jungle_log":3,"minecraft:leather":5,"minecraft:red_mushroom":4,"minecraft:gunpowder":1,"minecraft:string":1,"minecraft:acacia_planks":24,"minecraft:wheat_seeds":1,"minecraft:beef":13,"minecraft:grindstone":1,"minecraft:sugar_cane":32,"minecraft:furnace":4,"minecraft:pig_spawn_egg":1,"minecraft:acacia_log":6,"minecraft:sand":1,"minecraft:light_gray_terracotta":8,"minecraft:cactus":1,"minecraft:rotten_flesh":3,"minecraft:coal":17,"minecraft:cobblestone":14},"minecraft:mined":{"visualworkbench:minecraft/crafting_table":2,"minecraft:crafting_table":4,"minecraft:light_gray_terracotta":8,"minecraft:short_grass":5,"minecraft:acacia_log":6,"minecraft:jungle_log":3,"minecraft:grindstone":1,"minecraft:sugar_cane":12,"minecraft:cactus":1,"minecraft:furnace":2,"minecraft:coal_ore":17,"minecraft:vine":1,"minecraft:sand":1,"minecraft:red_mushroom_block":1,"minecraft:stone":14},"minecraft:custom":{"minecraft:interact_with_furnace":9,"minecraft:mob_kills":10,"minecraft:interact_with_crafting_table":12,"minecraft:leave_game":9,"minecraft:time_since_death":70796,"minecraft:climb_one_cm":352,"minecraft:time_since_rest":70831,"minecraft:sprint_one_cm":196529,"minecraft:damage_taken":280,"minecraft:walk_one_cm":63226,"minecraft:drop":11,"minecraft:damage_dealt":1254,"minecraft:swim_one_cm":7924,"minecraft:fly_one_cm":1359515,"minecraft:open_chest":1,"minecraft:crouch_one_cm":1709,"minecraft:play_time":101053,"minecraft:deaths":1,"minecraft:sneak_time":1239,"minecraft:walk_under_water_one_cm":608,"minecraft:boat_one_cm":111547,"minecraft:jump":698,"minecraft:walk_on_water_one_cm":2314,"minecraft:total_world_time":101053,"minecraft:fall_one_cm":11704},"minecraft:killed":{"minecraft:husk":2,"minecraft:spider":1,"minecraft:creeper":1,"minecraft:cow":6},"minecraft:crafted":{"minecraft:cooked_beef":4,"minecraft:jungle_button":1,"minecraft:crafting_table":2,"minecraft:wooden_pickaxe":1,"minecraft:furnace":1,"minecraft:stone_axe":1,"minecraft:air":0,"minecraft:jungle_planks":12,"minecraft:stick":8,"minecraft:stone_pickaxe":1,"minecraft:acacia_planks":24,"minecraft:torch":4},"minecraft:dropped":{"minecraft:wheat_seeds":1,"minecraft:cooked_beef":2,"minecraft:feather":4,"minecraft:rotten_flesh":3,"minecraft:wooden_pickaxe":1},"minecraft:used":{"minecraft:stone_pickaxe":31,"minecraft:cactus":1,"minecraft:wooden_pickaxe":11,"minecraft:zombie_spawn_egg":1,"minecraft:sand":1,"minecraft:crafting_table":9,"minecraft:light_gray_terracotta":8,"minecraft:creeper_spawn_egg":1,"more_bows_and_arrows:diamond_bow":1,"minecraft:pig_spawn_egg":1,"minecraft:stone_axe":32,"minecraft:jungle_button":1,"minecraft:furnace":4,"minecraft:cooked_beef":3}},"DataVersion":3953}