{"stats":{"minecraft:killed_by":{"minecraft:zombie":1},"minecraft:custom":{"minecraft:interact_with_furnace":35,"minecraft:mob_kills":44,"minecraft:interact_with_crafting_table":16,"minecraft:open_barrel":8,"minecraft:leave_game":1,"minecraft:time_since_death":28264,"minecraft:sleep_in_bed":5,"minecraft:time_since_rest":5860,"minecraft:sprint_one_cm":228224,"minecraft:damage_taken":868,"minecraft:walk_one_cm":120566,"minecraft:damage_blocked_by_shield":360,"minecraft:drop":27,"minecraft:damage_dealt":5231,"minecraft:talked_to_villager":4,"minecraft:swim_one_cm":36156,"minecraft:fly_one_cm":593377,"minecraft:open_chest":13,"minecraft:crouch_one_cm":6783,"minecraft:play_time":75307,"minecraft:deaths":1,"minecraft:sneak_time":4117,"minecraft:walk_under_water_one_cm":9842,"minecraft:boat_one_cm":159111,"minecraft:jump":1413,"minecraft:walk_on_water_one_cm":10715,"minecraft:interact_with_smoker":2,"minecraft:total_world_time":75307,"minecraft:fall_one_cm":33154},"minecraft:crafted":{"minecraft:cooked_beef":2,"minecraft:oak_planks":92,"minecraft:cooked_porkchop":17,"minecraft:wooden_pickaxe":1,"minecraft:furnace":2,"minecraft:stone_axe":2,"minecraft:cooked_mutton":31,"minecraft:air":0,"minecraft:light_gray_bed":1,"minecraft:oak_boat":1,"minecraft:stick":8,"minecraft:stone_pickaxe":1,"minecraft:white_bed":1,"minecraft:torch":4,"minecraft:wheat":27},"minecraft:mined":{"minecraft:white_bed":1,"visualworkbench:minecraft/crafting_table":8,"minecraft:short_grass":6,"minecraft:white_stained_glass_pane":1,"minecraft:light_gray_bed":4,"minecraft:sugar_cane":9,"minecraft:oak_planks":1,"minecraft:hay_block":11,"minecraft:furnace":2,"minecraft:carrots":11,"minecraft:iron_ore":6,"minecraft:wheat":9,"minecraft:andesite":4,"minecraft:light_gray_wool":1,"minecraft:black_bed":1,"minecraft:potatoes":5,"minecraft:coal_ore":60,"minecraft:oak_log":23,"minecraft:packed_ice":3,"minecraft:stone":91},"minecraft:picked_up":{"minecraft:crafting_table":8,"minecraft:wheat":27,"minecraft:feather":2,"minecraft:chicken":1,"minecraft:andesite":4,"minecraft:black_bed":1,"minecraft:potato":22,"minecraft:light_gray_dye":1,"minecraft:oak_log":40,"minecraft:shield":2,"minecraft:gunpowder":3,"minecraft:amethyst_block":4,"minecraft:lapis_lazuli":2,"minecraft:string":6,"minecraft:cooked_mutton":30,"minecraft:apple":7,"minecraft:wheat_seeds":10,"minecraft:spore_blossom":2,"minecraft:beef":6,"minecraft:iron_ingot":4,"minecraft:oak_boat":2,"minecraft:iron_pickaxe":3,"minecraft:light_gray_wool":3,"minecraft:moss_block":1,"minecraft:sugar_cane":29,"minecraft:iron_sword":1,"minecraft:oak_planks":1,"minecraft:furnace":5,"minecraft:book":2,"minecraft:golden_helmet":1,"minecraft:stick":12,"minecraft:raw_iron":24,"minecraft:dark_oak_slab":2,"minecraft:cooked_porkchop":16,"minecraft:porkchop":20,"minecraft:amethyst_shard":38,"minecraft:carrot":20,"minecraft:white_bed":1,"minecraft:golden_chestplate":1,"minecraft:arrow":1,"minecraft:stone_sword":1,"minecraft:light_gray_bed":5,"minecraft:rotten_flesh":10,"minecraft:hay_block":14,"minecraft:gray_wool":1,"minecraft:gold_ingot":2,"minecraft:oak_sapling":22,"minecraft:coal":102,"minecraft:black_wool":2,"minecraft:mutton":31,"minecraft:white_wool":25,"minecraft:cobblestone":100},"minecraft:killed":{"minecraft:pig":11,"minecraft:iron_golem":1,"minecraft:creeper":2,"minecraft:skeleton":1,"minecraft:sheep":20,"minecraft:zombie":2,"minecraft:chicken":1,"minecraft:drowned":2,"minecraft:cow":4},"minecraft:dropped":{"minecraft:iron_ingot":8,"minecraft:moss_block":1,"minecraft:stone_axe":1,"minecraft:wheat_seeds":10,"minecraft:cooked_beef":4,"minecraft:stone_sword":1,"minecraft:spore_blossom":2,"minecraft:raw_iron":8,"minecraft:chicken":1,"minecraft:feather":2,"minecraft:rotten_flesh":10,"minecraft:amethyst_block":2,"minecraft:gray_wool":1,"minecraft:andesite":1,"minecraft:oak_sapling":22,"minecraft:stone_pickaxe":1,"minecraft:wooden_pickaxe":1,"minecraft:iron_pickaxe":1,"minecraft:black_wool":1},"minecraft:used":{"minecraft:cooked_mutton":9,"minecraft:amethyst_block":2,"minecraft:stone_sword":27,"minecraft:stone_pickaxe":127,"minecraft:oak_planks":75,"minecraft:shield":10,"minecraft:wooden_pickaxe":3,"minecraft:white_wool":10,"minecraft:crafting_table":4,"minecraft:white_bed":1,"minecraft:black_bed":1,"minecraft:black_wool":1,"minecraft:apple":1,"minecraft:bread":3,"minecraft:iron_pickaxe":36,"minecraft:dark_oak_slab":2,"minecraft:stone_axe":67,"minecraft:light_gray_wool":3,"minecraft:cobblestone":14,"minecraft:furnace":4,"minecraft:cooked_porkchop":2,"minecraft:andesite":3,"minecraft:oak_boat":2,"minecraft:cooked_beef":2,"minecraft:golden_axe":8,"minecraft:light_gray_bed":4}},"DataVersion":3953}