{"stats":{"minecraft:crafted":{"minecraft:black_dye":1,"minecraft:oak_planks":68,"minecraft:cobblestone_slab":66,"minecraft:warped_planks":4,"minecraft:diamond_leggings":1,"minecraft:bow":2,"minecraft:chest":13,"minecraft:stone_hoe":1,"minecraft:stone_bricks":256,"minecraft:arrow":784,"minecraft:emerald":52,"minecraft:crafting_table":2,"minecraft:spruce_planks":840,"minecraft:wooden_pickaxe":1,"minecraft:baked_potato":7,"minecraft:green_bed":7,"minecraft:spruce_trapdoor":4,"minecraft:iron_chestplate":1,"minecraft:stick":1368,"minecraft:iron_ingot":21,"minecraft:iron_pickaxe":2,"minecraft:stone_sword":3,"minecraft:black_bed":1,"minecraft:spruce_fence_gate":12,"minecraft:shears":1,"minecraft:furnace":1,"minecraft:bone_meal":177,"minecraft:stone_pickaxe":2,"minecraft:crossbow":1,"minecraft:stone_axe":2,"minecraft:air":0,"minecraft:torch":4},"minecraft:custom":{"minecraft:interact_with_crafting_table":37,"minecraft:open_barrel":53,"minecraft:bell_ring":13,"minecraft:leave_game":2,"minecraft:time_since_death":15748,"minecraft:sprint_one_cm":1415205,"minecraft:damage_blocked_by_shield":2520,"minecraft:drop":294,"minecraft:talked_to_villager":96,"minecraft:play_time":535108,"minecraft:deaths":1,"minecraft:jump":10203,"minecraft:walk_on_water_one_cm":23069,"minecraft:interact_with_furnace":60,"minecraft:traded_with_villager":102,"minecraft:sleep_in_bed":23,"minecraft:damage_dealt":29823,"minecraft:crouch_one_cm":152314,"minecraft:interact_with_smoker":3,"minecraft:mob_kills":156,"minecraft:interact_with_anvil":28,"minecraft:walk_one_cm":892555,"minecraft:sneak_time":52888,"minecraft:walk_under_water_one_cm":9263,"minecraft:interact_with_blast_furnace":10,"minecraft:total_world_time":535108,"minecraft:interact_with_grindstone":10,"minecraft:interact_with_stonecutter":2,"minecraft:time_since_rest":9137,"minecraft:damage_taken":6027,"minecraft:swim_one_cm":42342,"minecraft:fly_one_cm":1684323,"minecraft:open_chest":341,"minecraft:fall_one_cm":236569},"minecraft:killed_by":{"minecraft:creeper":1},"minecraft:picked_up":{"minecraft:wheat":104,"minecraft:suspicious_stew":3,"minecraft:stone_slab":2,"minecraft:diamond_sword":2,"minecraft:oak_stairs":2,"minecraft:enchanted_book":3,"minecraft:amethyst_block":1,"minecraft:music_disc_cat":1,"minecraft:string":66,"minecraft:soul_soil":1,"minecraft:iron_leggings":1,"minecraft:sea_pickle":2,"minecraft:diamond_leggings":1,"minecraft:cobbled_deepslate":330,"minecraft:bucket":3,"minecraft:spruce_planks":5,"minecraft:cobblestone_slab":63,"minecraft:warped_slab":1,"minecraft:calcite":3,"minecraft:azalea":1,"minecraft:iron_pickaxe":2,"minecraft:furnace":4,"minecraft:stick":430,"minecraft:composter":1,"minecraft:oak_fence":3,"minecraft:torch":29,"minecraft:green_bed":10,"minecraft:spruce_stairs":1,"minecraft:diorite":26,"minecraft:warped_planks":6,"minecraft:warped_door":1,"minecraft:stone_sword":1,"minecraft:rotten_flesh":43,"minecraft:green_wool":21,"minecraft:iron_bars":1,"minecraft:cobblestone":522,"minecraft:water_bucket":1,"minecraft:medium_amethyst_bud":8,"minecraft:andesite":26,"minecraft:black_bed":5,"minecraft:golden_leggings":1,"minecraft:green_concrete_powder":1,"minecraft:smoker":1,"minecraft:flint":364,"minecraft:tuff":70,"minecraft:stripped_spruce_wood":4,"minecraft:smooth_sandstone_stairs":2,"minecraft:dirt":81,"minecraft:lantern":5,"minecraft:glass":136,"minecraft:bone":97,"minecraft:large_amethyst_bud":8,"minecraft:bow":5,"minecraft:wheat_seeds":288,"minecraft:raw_gold":3,"minecraft:grindstone":2,"minecraft:diamond_helmet":2,"minecraft:fletching_table":4,"minecraft:oak_planks":7,"minecraft:oak_pressure_plate":2,"minecraft:stripped_spruce_log":3,"minecraft:ink_sac":3,"minecraft:barrel":1,"minecraft:dark_prismarine_slab":2,"minecraft:spruce_fence_gate":1,"minecraft:deepslate":1,"minecraft:green_concrete":2,"minecraft:diamond":1,"minecraft:polished_blackstone_pressure_plate":1,"minecraft:soul_lantern":1,"minecraft:lever":1,"minecraft:crossbow":4,"minecraft:bone_meal":27,"minecraft:spruce_sign":8,"minecraft:bread":3,"minecraft:emerald":32,"minecraft:oak_sapling":2,"minecraft:diamond_pickaxe":12,"minecraft:charcoal":35,"minecraft:crafting_table":9,"minecraft:azure_bluet":1,"minecraft:ominous_bottle":1,"minecraft:brown_mushroom":3,"minecraft:gold_block":3,"minecraft:chain":1,"minecraft:shield":1,"minecraft:red_bed":1,"minecraft:stripped_warped_stem":1,"minecraft:poppy":1,"minecraft:spruce_slab":1,"minecraft:light_gray_wool":2,"minecraft:sugar_cane":43,"minecraft:spruce_trapdoor":3,"minecraft:raw_iron":151,"minecraft:sandstone":7,"minecraft:stone":2,"minecraft:bowl":2,"minecraft:amethyst_cluster":4,"minecraft:polished_blackstone_bricks":1,"minecraft:stone_button":1,"minecraft:carrot":44,"minecraft:redstone":316,"minecraft:arrow":150,"minecraft:diamond_chestplate":2,"minecraft:pumpkin_pie":64,"minecraft:shears":1,"minecraft:diamond_boots":3,"minecraft:deepslate_bricks":1,"minecraft:hay_block":91,"minecraft:gold_ingot":4,"minecraft:mutton":1,"minecraft:white_wool":12,"minecraft:purple_dye":1,"minecraft:golden_carrot":378,"minecraft:tripwire_hook":16,"minecraft:red_mushroom":3,"minecraft:oak_log":17,"minecraft:gunpowder":31,"minecraft:cobbled_deepslate_stairs":3,"minecraft:cobblestone_wall":2,"minecraft:white_banner":2,"minecraft:apple":2,"minecraft:stone_bricks":20,"minecraft:iron_ingot":4,"minecraft:book":60,"minecraft:smooth_basalt":1,"minecraft:raw_iron_block":2,"minecraft:lava_bucket":1,"minecraft:gravel":1,"minecraft:small_amethyst_bud":8,"minecraft:spruce_sapling":1035,"minecraft:white_bed":1,"minecraft:spruce_log":6159,"minecraft:spider_eye":7,"minecraft:diamond_shovel":1,"minecraft:deepslate_redstone_ore":1,"minecraft:diamond_axe":4,"minecraft:lodestone":1,"minecraft:brown_banner":2,"minecraft:coal":523,"minecraft:ender_pearl":10},"minecraft:dropped":{"minecraft:spruce_sign":6,"minecraft:brown_mushroom":3,"minecraft:diamond_axe":2,"minecraft:oak_pressure_plate":1,"minecraft:baked_potato":5,"minecraft:diamond":1,"minecraft:crossbow":1,"minecraft:lantern":2,"minecraft:red_mushroom":3,"minecraft:emerald":30,"minecraft:flint":22,"minecraft:gold_block":3,"minecraft:dirt":13,"minecraft:pumpkin_pie":60,"minecraft:bone_meal":78,"minecraft:polished_blackstone_bricks":1,"minecraft:iron_pickaxe":2,"minecraft:gold_ingot":6,"minecraft:bone":22,"minecraft:stone_axe":2,"minecraft:cobbled_deepslate":3,"minecraft:wheat":104,"minecraft:soul_lantern":1,"minecraft:rotten_flesh":38,"minecraft:oak_planks":16,"minecraft:diamond_shovel":1,"minecraft:azure_bluet":1,"minecraft:white_bed":1,"minecraft:carrot":80,"minecraft:warped_planks":3,"minecraft:poppy":1,"minecraft:gunpowder":3,"minecraft:charcoal":21,"minecraft:iron_bars":1,"minecraft:stone_hoe":1,"minecraft:iron_ingot":10,"minecraft:wheat_seeds":288,"minecraft:deepslate_redstone_ore":1,"minecraft:cobbled_deepslate_stairs":1,"minecraft:oak_fence":2,"minecraft:iron_helmet":2,"minecraft:cobblestone":225,"minecraft:apple":2,"minecraft:coal":456,"minecraft:stick":364,"minecraft:diorite":18,"minecraft:torch":4,"minecraft:lodestone":1,"minecraft:iron_leggings":2,"minecraft:oak_stairs":2,"minecraft:raw_iron_block":2,"minecraft:string":19,"minecraft:bucket":1,"minecraft:spruce_sapling":65,"minecraft:smooth_basalt":1,"minecraft:soul_soil":1,"minecraft:stone_sword":2,"minecraft:bowl":8,"minecraft:tuff":1,"minecraft:raw_iron":86,"minecraft:iron_boots":1,"minecraft:green_concrete":2,"minecraft:stone_slab":2,"minecraft:cobblestone_slab":2,"minecraft:hay_block":61,"minecraft:diamond_chestplate":1,"minecraft:spruce_trapdoor":1,"minecraft:spruce_planks":37,"minecraft:iron_chestplate":2,"minecraft:diamond_pickaxe":8,"minecraft:andesite":11,"minecraft:golden_leggings":1,"minecraft:oak_sapling":1,"minecraft:spider_eye":7,"minecraft:spruce_log":5289,"minecraft:sandstone":2,"minecraft:bow":4,"minecraft:stone_pickaxe":1,"minecraft:wooden_pickaxe":1,"minecraft:raw_gold":1,"minecraft:calcite":3,"minecraft:green_concrete_powder":1},"minecraft:broken":{"minecraft:stone_pickaxe":1,"minecraft:shield":1,"minecraft:iron_pickaxe":2},"minecraft:used":{"minecraft:chest":1,"minecraft:shield":49,"minecraft:stone":2,"minecraft:zombie_spawn_egg":1,"minecraft:bell":1,"minecraft:iron_chestplate":3,"minecraft:carrot":92,"minecraft:tuff":26,"minecraft:lantern":2,"minecraft:iron_helmet":1,"minecraft:stone_bricks":17,"minecraft:bow":36,"minecraft:hay_block":1,"minecraft:ominous_bottle":1,"minecraft:furnace":3,"minecraft:diorite":8,"minecraft:diamond_boots":1,"minecraft:stone_pickaxe":131,"minecraft:oak_planks":3,"minecraft:wooden_pickaxe":18,"minecraft:composter":3,"minecraft:sugar_cane":1,"minecraft:diamond_axe":5966,"minecraft:white_wool":2,"minecraft:crossbow":28,"minecraft:black_bed":6,"minecraft:shears":27,"minecraft:cobbled_deepslate_stairs":2,"minecraft:bread":66,"minecraft:stone_button":1,"minecraft:oak_pressure_plate":1,"minecraft:deepslate":1,"minecraft:gravel":1,"minecraft:diamond_sword":356,"minecraft:grindstone":1,"minecraft:andesite":8,"minecraft:chain":1,"minecraft:bone_meal":112,"minecraft:oak_fence":1,"minecraft:stone_sword":78,"minecraft:spruce_planks":9,"minecraft:stone_hoe":113,"minecraft:torch":43,"minecraft:dirt":196,"minecraft:diamond_helmet":1,"minecraft:warped_door":1,"minecraft:iron_boots":1,"minecraft:light_gray_wool":2,"minecraft:diamond_chestplate":2,"minecraft:golden_carrot":57,"minecraft:cobbled_deepslate":92,"minecraft:iron_leggings":1,"minecraft:water_bucket":57,"minecraft:amethyst_block":1,"minecraft:baked_potato":2,"minecraft:spruce_sign":2,"minecraft:fletching_table":3,"minecraft:cobblestone_slab":117,"minecraft:green_bed":13,"minecraft:spruce_fence_gate":1,"minecraft:dark_prismarine_slab":1,"minecraft:crafting_table":9,"minecraft:brown_banner":2,"minecraft:spruce_log":18,"minecraft:warped_planks":5,"minecraft:diamond_pickaxe":501,"minecraft:diamond_shovel":649,"minecraft:iron_pickaxe":733,"minecraft:suspicious_stew":6,"minecraft:spruce_trapdoor":6,"minecraft:spruce_sapling":318,"minecraft:stone_axe":60,"minecraft:cobblestone":413,"minecraft:white_banner":2,"minecraft:bucket":58,"minecraft:pumpkin_pie":4,"minecraft:sea_pickle":2,"minecraft:diamond_leggings":1,"minecraft:splash_potion":2},"minecraft:mined":{"minecraft:stripped_warped_stem":1,"minecraft:spruce_planks":5,"minecraft:white_bed":1,"minecraft:cobbled_deepslate_stairs":3,"minecraft:sculk_vein":2,"minecraft:spruce_trapdoor":3,"minecraft:grass_block":4,"minecraft:oak_pressure_plate":2,"minecraft:soul_soil":1,"minecraft:deepslate_bricks":1,"minecraft:green_concrete":3,"minecraft:polished_blackstone_pressure_plate":1,"minecraft:spawner":10,"minecraft:polished_blackstone_bricks":1,"minecraft:raw_iron_block":2,"minecraft:iron_ore":85,"minecraft:cobbled_deepslate":3,"minecraft:barrel":1,"minecraft:fletching_table":3,"minecraft:sculk_shrieker":2,"minecraft:dirt_path":1,"minecraft:iron_bars":1,"minecraft:oak_stairs":2,"minecraft:smooth_sandstone_stairs":1,"minecraft:green_bed":9,"minecraft:deepslate_redstone_ore":2,"minecraft:red_bed":1,"minecraft:smoker":1,"visualworkbench:minecraft/crafting_table":8,"minecraft:torch":4,"minecraft:calcite":3,"minecraft:green_concrete_powder":1,"minecraft:cobblestone":148,"minecraft:grindstone":2,"minecraft:sugar_cane":16,"minecraft:oak_planks":6,"minecraft:wall_torch":5,"minecraft:amethyst_block":1,"minecraft:chain":1,"minecraft:warped_planks":6,"minecraft:wheat":107,"minecraft:light_gray_wool":2,"minecraft:black_bed":5,"minecraft:oak_log":17,"minecraft:dirt":81,"minecraft:smooth_basalt":1,"minecraft:oak_leaves":3,"minecraft:deepslate":238,"minecraft:tuff":40,"minecraft:deepslate_diamond_ore":1,"minecraft:glow_lichen":1,"minecraft:spruce_leaves":75,"minecraft:large_fern":3,"minecraft:hay_block":90,"minecraft:furnace":4,"minecraft:carrots":7,"minecraft:andesite":22,"minecraft:stripped_spruce_log":3,"minecraft:gold_block":3,"minecraft:bookshelf":20,"minecraft:deepslate_iron_ore":22,"minecraft:cobblestone_slab":62,"minecraft:stone":241,"minecraft:white_wool":5,"minecraft:green_wool":22,"minecraft:glass_pane":2,"minecraft:oak_fence":2,"minecraft:smooth_sandstone":6,"minecraft:short_grass":28,"minecraft:emerald_ore":17,"minecraft:sculk_sensor":2,"minecraft:andesite_slab":1,"minecraft:lectern":1,"minecraft:campfire":7,"minecraft:stone_slab":1,"minecraft:sculk":38,"minecraft:diorite":19,"minecraft:spruce_stairs":1,"minecraft:stripped_spruce_wood":1,"minecraft:cobblestone_wall":2,"minecraft:spruce_log":5902,"minecraft:white_wall_banner":1,"minecraft:dark_prismarine_slab":1,"minecraft:coal_ore":387,"minecraft:gravel":643,"minecraft:cobweb":10,"minecraft:spruce_fence_gate":1,"minecraft:stone_bricks":24,"minecraft:gold_ore":1,"minecraft:warped_slab":1},"minecraft:killed":{"minecraft:spider":9,"minecraft:skeleton":51,"minecraft:zombie_villager":3,"minecraft:iron_golem":1,"minecraft:creeper":18,"minecraft:sheep":1,"minecraft:pillager":5,"minecraft:zombie":62,"minecraft:squid":1,"minecraft:enderman":3}},"DataVersion":3953}