{"stats":{"minecraft:dropped":{"minecraft:spruce_sign":6,"minecraft:iron_ingot":1,"minecraft:soul_soil":1,"minecraft:wheat_seeds":284,"minecraft:cobbled_deepslate_stairs":1,"minecraft:stone_sword":1,"minecraft:cobbled_deepslate":1,"minecraft:raw_iron":10,"minecraft:cobblestone":32,"minecraft:oak_planks":12,"minecraft:lantern":1,"minecraft:stone_slab":2,"minecraft:white_bed":1,"minecraft:emerald":3,"minecraft:gold_block":3,"minecraft:dirt":13,"minecraft:andesite":1,"minecraft:oak_sapling":1,"minecraft:iron_bars":1,"minecraft:polished_blackstone_bricks":1,"minecraft:raw_iron_block":2,"minecraft:wooden_pickaxe":1,"minecraft:stone_pickaxe":1},"minecraft:crafted":{"minecraft:black_dye":1,"minecraft:oak_planks":24,"minecraft:crafting_table":1,"minecraft:wooden_pickaxe":1,"minecraft:furnace":1,"minecraft:stone_axe":1,"minecraft:air":0,"minecraft:iron_chestplate":1,"minecraft:stick":12,"minecraft:iron_ingot":4,"minecraft:iron_pickaxe":1,"minecraft:stone_pickaxe":2,"minecraft:stone_sword":2,"minecraft:black_bed":1,"minecraft:torch":4},"minecraft:mined":{"minecraft:white_bed":1,"minecraft:red_bed":1,"minecraft:cobbled_deepslate_stairs":1,"minecraft:smooth_sandstone":4,"visualworkbench:minecraft/crafting_table":2,"minecraft:short_grass":24,"minecraft:grass_block":2,"minecraft:andesite_slab":1,"minecraft:campfire":7,"minecraft:stone_slab":1,"minecraft:soul_soil":1,"minecraft:cobblestone":4,"minecraft:spruce_leaves":11,"minecraft:grindstone":1,"minecraft:sugar_cane":12,"minecraft:spruce_stairs":1,"minecraft:wall_torch":2,"minecraft:spawner":5,"minecraft:large_fern":3,"minecraft:hay_block":5,"minecraft:polished_blackstone_bricks":1,"minecraft:raw_iron_block":2,"minecraft:furnace":1,"minecraft:stripped_spruce_wood":1,"minecraft:cobblestone_wall":2,"minecraft:warped_planks":2,"minecraft:barrel":1,"minecraft:iron_ore":17,"minecraft:wheat":107,"minecraft:spruce_log":5,"minecraft:andesite":7,"minecraft:light_gray_wool":2,"minecraft:dark_prismarine_slab":1,"minecraft:gold_block":3,"minecraft:coal_ore":16,"minecraft:oak_log":6,"minecraft:iron_bars":1,"minecraft:dirt":13,"minecraft:cobweb":4,"minecraft:smooth_sandstone_stairs":1,"minecraft:spruce_fence_gate":1,"minecraft:stone_bricks":4,"minecraft:stone":142,"minecraft:deepslate":1,"minecraft:warped_slab":1},"minecraft:picked_up":{"minecraft:wheat":104,"minecraft:charcoal":14,"minecraft:crafting_table":2,"minecraft:purple_dye":1,"minecraft:andesite":5,"minecraft:stone_slab":2,"minecraft:gold_block":3,"minecraft:stripped_spruce_wood":1,"minecraft:smooth_sandstone_stairs":1,"minecraft:oak_log":6,"minecraft:cobbled_deepslate_stairs":1,"minecraft:shield":1,"minecraft:cobblestone_wall":2,"minecraft:string":4,"minecraft:soul_soil":1,"minecraft:dirt":17,"minecraft:red_bed":1,"minecraft:lantern":2,"minecraft:bone":4,"minecraft:apple":2,"minecraft:stone_bricks":3,"minecraft:wheat_seeds":284,"minecraft:cobbled_deepslate":1,"minecraft:grindstone":1,"minecraft:warped_slab":1,"minecraft:spruce_slab":1,"minecraft:light_gray_wool":2,"minecraft:sugar_cane":30,"minecraft:sandstone":4,"minecraft:furnace":1,"minecraft:stick":2,"minecraft:raw_iron":17,"minecraft:torch":2,"minecraft:raw_iron_block":2,"minecraft:polished_blackstone_bricks":1,"minecraft:warped_planks":2,"minecraft:ink_sac":3,"minecraft:white_bed":1,"minecraft:spruce_log":5,"minecraft:barrel":1,"minecraft:dark_prismarine_slab":1,"minecraft:spruce_fence_gate":1,"minecraft:arrow":2,"minecraft:hay_block":5,"minecraft:bread":3,"minecraft:spruce_sign":6,"minecraft:emerald":1,"minecraft:oak_sapling":2,"minecraft:brown_banner":2,"minecraft:iron_bars":1,"minecraft:mutton":1,"minecraft:coal":16,"minecraft:cobblestone":170},"minecraft:broken":{"minecraft:stone_pickaxe":1},"minecraft:used":{"minecraft:stone_sword":16,"minecraft:stone_pickaxe":131,"minecraft:shield":11,"minecraft:wooden_pickaxe":18,"minecraft:sugar_cane":1,"minecraft:iron_chestplate":1,"minecraft:torch":6,"minecraft:dirt":4,"minecraft:crafting_table":2,"minecraft:brown_banner":2,"minecraft:black_bed":1,"minecraft:spruce_log":5,"minecraft:bread":4,"minecraft:iron_pickaxe":73,"minecraft:stone_axe":23,"minecraft:cobblestone":100,"minecraft:furnace":2},"minecraft:killed":{"minecraft:squid":1,"minecraft:skeleton":3,"minecraft:sheep":1},"minecraft:custom":{"minecraft:interact_with_furnace":20,"minecraft:mob_kills":5,"minecraft:interact_with_crafting_table":11,"minecraft:open_barrel":12,"minecraft:time_since_death":41873,"minecraft:sleep_in_bed":2,"minecraft:time_since_rest":4180,"minecraft:sprint_one_cm":115880,"minecraft:damage_taken":134,"minecraft:walk_one_cm":69916,"minecraft:damage_blocked_by_shield":630,"minecraft:drop":38,"minecraft:damage_dealt":510,"minecraft:swim_one_cm":17392,"minecraft:fly_one_cm":55945,"minecraft:open_chest":13,"minecraft:crouch_one_cm":12129,"minecraft:play_time":41873,"minecraft:sneak_time":4750,"minecraft:walk_under_water_one_cm":972,"minecraft:jump":442,"minecraft:walk_on_water_one_cm":4724,"minecraft:total_world_time":41873,"minecraft:fall_one_cm":4308}},"DataVersion":3953}