{"stats":{"minecraft:used":{"minecraft:chest":1,"minecraft:dirt":11,"minecraft:wooden_shovel":11},"minecraft:mined":{"minecraft:oak_log":2,"minecraft:grass_block":9},"minecraft:picked_up":{"minecraft:oak_log":2,"minecraft:wooden_shovel":1,"minecraft:chest":1,"minecraft:dirt":9},"minecraft:dropped":{"minecraft:wooden_shovel":2},"minecraft:custom":{"minecraft:jump":22,"minecraft:open_chest":3,"minecraft:time_since_rest":17543,"minecraft:crouch_one_cm":3949,"minecraft:walk_one_cm":1176,"minecraft:leave_game":1,"minecraft:play_time":17888,"minecraft:damage_taken":240,"minecraft:time_since_death":17508,"minecraft:deaths":1,"minecraft:sneak_time":1302,"minecraft:total_world_time":17971,"minecraft:interact_with_crafting_table":1,"minecraft:drop":2}},"DataVersion":3465}