{"stats":{"minecraft:mined":{"minecraft:oak_sapling":7,"minecraft:grass_block":9,"minecraft:decorated_pot":1,"minecraft:blue_wool":2,"minecraft:carrots":44,"minecraft:furnace":1,"minecraft:gray_terracotta":2,"minecraft:crafting_table":1,"minecraft:torch":4,"diagonalfences:minecraft/oak_fence":2,"minecraft:chest":2,"minecraft:cobblestone":1,"minecraft:birch_log":1,"minecraft:wheat":35,"minecraft:sweet_berry_bush":1,"minecraft:ice":7,"minecraft:oak_log":17,"minecraft:dirt":28,"minecraft:oak_leaves":5},"minecraft:custom":{"minecraft:mob_kills":34,"minecraft:animals_bred":14,"minecraft:interact_with_crafting_table":25,"minecraft:damage_dealt_resisted":12,"minecraft:leave_game":4,"minecraft:time_since_death":2496,"minecraft:climb_one_cm":3659,"minecraft:sprint_one_cm":207217,"minecraft:walk_one_cm":385654,"minecraft:drop":70,"minecraft:play_time":419299,"minecraft:deaths":32,"minecraft:sneak_time":23631,"minecraft:walk_under_water_one_cm":2042,"minecraft:jump":1520,"minecraft:walk_on_water_one_cm":982,"minecraft:total_world_time":419382,"minecraft:interact_with_furnace":51,"minecraft:sleep_in_bed":6,"minecraft:time_since_rest":2537,"minecraft:damage_taken":9054,"minecraft:damage_dealt":4950,"minecraft:fly_one_cm":1356778,"minecraft:open_chest":994,"minecraft:crouch_one_cm":67552,"minecraft:fall_one_cm":9925},"minecraft:used":{"minecraft:oak_fence":27,"minecraft:stone_sword":66,"minecraft:polished_deepslate":122,"minecraft:spruce_slab":3525,"minecraft:ladder":3,"minecraft:oak_sign":1,"minecraft:decorated_pot":1,"minecraft:chest":23,"minecraft:wooden_shovel":11,"minecraft:spruce_leaves":104,"minecraft:torch":5,"minecraft:dirt":186,"minecraft:skeleton_spawn_egg":1,"slabsexpanded:glass_slab":8,"minecraft:carrot":47,"minecraft:deepslate_brick_slab":952,"minecraft:deepslate_tile_slab":73,"minecraft:snowball":31,"piercingpaxels:stone_paxel":14,"slabsexpanded:spruce_leaves_slab":2,"plentyofarmors:copper_chestplate":1,"minecraft:polished_deepslate_stairs":76,"minecraft:wooden_axe":17,"minecraft:grass_block":1,"minecraft:iron_helmet":1,"minecraft:item_frame":6,"minecraft:bedrock":1,"minecraft:sweet_berries":1,"minecraft:oak_sapling":10,"minecraft:furnace":3,"minecraft:egg":8,"minecraft:spider_spawn_egg":1,"minecraft:wheat_seeds":35,"minecraft:waxed_oxidized_cut_copper_slab":496,"minecraft:water_bucket":6,"minecraft:cow_spawn_egg":2,"cave_dweller:cave_dweller_spawn_egg":2,"minecraft:birch_leaves":67,"minecraft:stone_pickaxe":3,"minecraft:blue_wool":3,"minecraft:sheep_spawn_egg":3,"minecraft:oak_leaves":78,"minecraft:white_wool":1,"minecraft:polished_deepslate_slab":118,"slabsexpanded:black_stained_glass_slab":5,"minecraft:crafting_table":1,"minecraft:mushroom_stew":11,"minecraft:white_bed":1,"minecraft:gray_terracotta":2,"minecraft:wooden_hoe":23,"minecraft:pig_spawn_egg":1,"minecraft:stone_axe":4,"minecraft:cobblestone":1,"minecraft:bucket":5,"minecraft:brush":69,"minecraft:splash_potion":5,"slabsexpanded:brown_stained_glass_slab":2},"minecraft:broken":{"minecraft:leather_helmet":1,"minecraft:iron_helmet":1},"minecraft:killed_by":{"minecraft:player":2,"minecraft:stray":1,"minecraft:creeper":1,"minecraft:zombie":1,"cave_dweller:cave_dweller":1},"minecraft:crafted":{"minecraft:oak_planks":140,"minecraft:raw_iron":9,"minecraft:stone_shovel":1,"minecraft:furnace":2,"minecraft:raw_copper_block":49,"minecraft:raw_copper":54,"minecraft:ladder":3,"minecraft:stone_pickaxe":2,"minecraft:chest":2,"plentyofarmors:copper_boots":2,"plentyofarmors:copper_chestplate":2,"minecraft:oak_fence":30,"minecraft:cooked_beef":10,"minecraft:item_frame":4,"minecraft:cooked_porkchop":13,"minecraft:bowl":24,"minecraft:copper_ingot":19,"minecraft:stone_axe":1,"minecraft:air":0,"plentyofarmors:copper_helmet":2,"minecraft:wooden_hoe":1,"minecraft:stick":16,"plentyofarmors:copper_leggings":2,"minecraft:iron_ingot":63,"minecraft:wooden_axe":1,"minecraft:snow_block":87,"minecraft:gold_ingot":55,"minecraft:white_bed":1},"minecraft:picked_up":{"minecraft:crafting_table":1,"minecraft:wheat":34,"minecraft:allium":2,"minecraft:chicken":12,"minecraft:clay_ball":220,"minecraft:brown_mushroom":2,"minecraft:wooden_pickaxe":2,"minecraft:amethyst_block":106,"minecraft:music_disc_cat":1,"minecraft:string":12,"minecraft:raw_copper":886,"minecraft:wooden_sword":2,"minecraft:item_frame":3,"minecraft:iron_shovel":1,"minecraft:deepslate_tiles":20,"minecraft:candle":5,"minecraft:cobbled_deepslate":118,"minecraft:music_disc_otherside":1,"minecraft:beef":23,"minecraft:calcite":78,"minecraft:azalea":2,"minecraft:wooden_shovel":4,"minecraft:melon_slice":82,"minecraft:chest":51,"minecraft:birch_sapling":4,"minecraft:furnace":1,"minecraft:raw_copper_block":6,"minecraft:egg":19,"minecraft:blue_wool":4,"minecraft:tipped_arrow":4,"minecraft:dark_oak_sapling":17,"minecraft:stick":14,"minecraft:raw_iron":98,"minecraft:sheaf_pottery_sherd":17,"minecraft:raw_gold_block":5,"minecraft:oak_fence":3,"minecraft:copper_ingot":53,"minecraft:bowl":3,"minecraft:torch":7,"minecraft:mooshroom_spawn_egg":1,"minecraft:porkchop":14,"piercingpaxels:iron_paxel":1,"minecraft:diorite":80,"minecraft:carrot":174,"minecraft:redstone":1,"minecraft:rabbit_foot":1,"minecraft:howl_pottery_sherd":20,"minecraft:shaper_armor_trim_smithing_template":1,"minecraft:zombie_spawn_egg":1,"minecraft:stone_sword":1,"minecraft:arrow":15,"minecraft:stone_shovel":1,"minecraft:rotten_flesh":9,"minecraft:decorated_pot":1,"minecraft:deepslate_bricks":33,"minecraft:gold_ingot":1,"minecraft:white_terracotta":31,"minecraft:host_armor_trim_smithing_template":1,"minecraft:mutton":18,"minecraft:rail":2,"minecraft:cod":1,"minecraft:snowball":384,"minecraft:white_wool":3,"minecraft:cobblestone":319,"minecraft:heartbreak_pottery_sherd":28,"minecraft:birch_log":76,"minecraft:feather":33,"minecraft:cooked_beef":14,"minecraft:golden_carrot":7,"minecraft:water_bucket":1,"minecraft:andesite":72,"minecraft:leather":24,"minecraft:powder_snow_bucket":1,"minecraft:music_disc_stal":1,"minecraft:red_mushroom":3,"minecraft:ice":1,"minecraft:mushroom_stew":6,"minecraft:flint":18,"minecraft:tuff":35,"minecraft:light_gray_dye":4,"minecraft:oak_log":174,"minecraft:gunpowder":1,"minecraft:map":1,"minecraft:lapis_lazuli":99,"minecraft:dirt":549,"minecraft:disc_fragment_5":3,"minecraft:leather_boots":2,"minecraft:bone":28,"minecraft:apple":22,"minecraft:gray_terracotta":10,"minecraft:wheat_seeds":109,"minecraft:deepslate_brick_slab":1,"minecraft:raw_gold":32,"minecraft:rabbit_hide":6,"minecraft:iron_ingot":1,"minecraft:music_disc_far":1,"minecraft:stone_pickaxe":3,"minecraft:rabbit":1,"minecraft:oak_planks":50,"minecraft:flowering_azalea":3,"minecraft:book":3,"minecraft:glow_lichen":4,"minecraft:smooth_basalt":35,"minecraft:sheep_spawn_egg":1,"minecraft:pumpkin":11,"minecraft:sweet_berries":3,"minecraft:brush":2,"minecraft:budding_amethyst":2,"minecraft:raw_iron_block":2,"minecraft:enderman_spawn_egg":1,"minecraft:dripstone_block":7,"minecraft:gravel":132,"minecraft:amethyst_shard":8,"piercingpaxels:stone_paxel":1,"minecraft:spruce_sapling":8,"minecraft:spruce_log":34,"minecraft:grass_block":2,"minecraft:spider_eye":5,"minecraft:dark_oak_log":29,"minecraft:leather_helmet":1,"minecraft:orange_wool":1,"minecraft:wither_skeleton_spawn_egg":1,"minecraft:iron_hoe":1,"minecraft:skeleton_spawn_egg":1,"minecraft:pumpkin_seeds":2,"minecraft:blue_terracotta":3,"minecraft:diamond":23,"minecraft:stone_axe":1,"minecraft:iron_helmet":1,"minecraft:granite":74,"minecraft:bone_meal":11,"minecraft:terracotta":18,"minecraft:oak_sapling":28,"minecraft:coal":63,"minecraft:sunflower":2},"minecraft:killed":{"minecraft:spider":4,"minecraft:fox":2,"minecraft:chicken":3,"minecraft:wolf":2,"minecraft:pig":1,"minecraft:polar_bear":3,"minecraft:sheep":3,"minecraft:goat":1,"minecraft:zombie":5,"minecraft:mooshroom":5,"minecraft:stray":2,"minecraft:cow":1},"minecraft:dropped":{"minecraft:cooked_beef":24,"minecraft:diamond":17,"minecraft:cooked_porkchop":13,"minecraft:cobblestone":1,"plentyofarmors:copper_boots":1,"minecraft:copper_ingot":1,"minecraft:mushroom_stew":9,"plentyofarmors:copper_helmet":1,"minecraft:brush":2,"minecraft:wooden_hoe":1,"minecraft:wooden_axe":1,"minecraft:rabbit":1,"minecraft:wooden_sword":2,"minecraft:iron_shovel":1,"minecraft:smooth_basalt":1,"minecraft:stone_axe":2,"plentyofarmors:copper_chestplate":1,"plentyofarmors:copper_leggings":1,"minecraft:stone_sword":1,"minecraft:raw_copper":1,"piercingpaxels:stone_paxel":2,"minecraft:blue_wool":1,"minecraft:stone_shovel":2,"piercingpaxels:iron_paxel":1,"minecraft:skeleton_spawn_egg":1,"minecraft:rabbit_foot":1,"minecraft:rabbit_hide":1,"minecraft:leather_boots":2,"minecraft:wooden_shovel":7,"minecraft:arrow":2,"minecraft:stone_pickaxe":3,"minecraft:wooden_pickaxe":2}},"DataVersion":3465}