{"stats":{"minecraft:killed_by":{"minecraft:skeleton":6,"minecraft:zombie":1},"minecraft:broken":{"minecraft:shield":2},"minecraft:custom":{"minecraft:interact_with_anvil":5,"minecraft:mob_kills":173,"minecraft:interact_with_crafting_table":34,"minecraft:open_barrel":56,"minecraft:interact_with_campfire":24,"minecraft:leave_game":2,"minecraft:time_since_death":259299,"minecraft:climb_one_cm":177,"minecraft:sprint_one_cm":951901,"minecraft:walk_one_cm":507325,"minecraft:damage_blocked_by_shield":5759,"minecraft:drop":172,"minecraft:talked_to_villager":5,"minecraft:play_time":362226,"minecraft:deaths":8,"minecraft:sneak_time":11552,"minecraft:walk_under_water_one_cm":17979,"minecraft:interact_with_lectern":6,"minecraft:boat_one_cm":433779,"minecraft:interact_with_brewingstand":4,"minecraft:jump":6661,"minecraft:interact_with_blast_furnace":45,"minecraft:walk_on_water_one_cm":21547,"minecraft:total_world_time":362226,"minecraft:interact_with_furnace":41,"minecraft:interact_with_grindstone":1,"minecraft:sleep_in_bed":17,"minecraft:time_since_rest":29444,"minecraft:damage_taken":7082,"minecraft:damage_dealt":25378,"minecraft:swim_one_cm":47908,"minecraft:fly_one_cm":1561148,"minecraft:open_chest":83,"minecraft:crouch_one_cm":26480,"minecraft:interact_with_smoker":17,"minecraft:fall_one_cm":206082},"minecraft:crafted":{"minecraft:oak_planks":100,"minecraft:raw_iron":54,"minecraft:furnace":2,"minecraft:flint_and_steel":1,"minecraft:cooked_mutton":61,"minecraft:bow":1,"minecraft:stone_pickaxe":1,"minecraft:raw_iron_block":6,"minecraft:wheat":27,"minecraft:cooked_beef":2,"minecraft:arrow":20,"minecraft:cooked_porkchop":17,"minecraft:spruce_planks":16,"minecraft:wooden_pickaxe":1,"minecraft:iron_sword":1,"minecraft:stone_axe":2,"minecraft:air":0,"minecraft:light_gray_bed":1,"minecraft:oak_boat":1,"minecraft:shield":1,"minecraft:stick":28,"minecraft:iron_ingot":53,"minecraft:gold_ingot":41,"minecraft:white_bed":1,"minecraft:torch":4},"minecraft:mined":{"minecraft:dark_prismarine_stairs":2,"minecraft:dark_prismarine":6,"minecraft:stripped_warped_stem":1,"minecraft:spruce_planks":3,"minecraft:white_bed":1,"minecraft:deepslate_diamond_ore":1,"minecraft:cherry_log":11,"minecraft:sea_lantern":1,"minecraft:warped_stairs":1,"minecraft:obsidian":10,"minecraft:glow_lichen":1,"minecraft:grass_block":7,"minecraft:stone_brick_wall":2,"minecraft:light_gray_bed":16,"minecraft:stripped_warped_hyphae":3,"minecraft:chiseled_stone_bricks":1,"minecraft:smooth_stone":27,"minecraft:hay_block":69,"minecraft:packed_mud":2,"minecraft:furnace":5,"minecraft:carrots":11,"minecraft:cobbled_deepslate":1,"minecraft:iron_ore":27,"minecraft:fire":2,"minecraft:andesite":4,"minecraft:anvil":1,"minecraft:azure_bluet":1,"minecraft:dirt_path":2,"minecraft:deepslate_iron_ore":15,"minecraft:potatoes":5,"minecraft:iron_bars":1,"minecraft:packed_ice":3,"minecraft:stone":140,"minecraft:white_wool":1,"minecraft:smoker":1,"minecraft:smooth_sandstone":3,"visualworkbench:minecraft/crafting_table":15,"minecraft:short_grass":24,"minecraft:emerald_ore":2,"minecraft:calcite":2,"minecraft:white_stained_glass_pane":1,"minecraft:campfire":1,"minecraft:cobblestone":6,"minecraft:grindstone":1,"minecraft:deepslate_gold_ore":30,"minecraft:sugar_cane":13,"minecraft:oak_planks":3,"minecraft:stripped_spruce_wood":4,"minecraft:warped_planks":9,"minecraft:wheat":9,"minecraft:light_gray_wool":1,"minecraft:black_bed":1,"minecraft:dark_prismarine_slab":1,"minecraft:stone_brick_stairs":1,"minecraft:oak_log":23,"minecraft:coal_ore":101,"minecraft:dirt":1,"minecraft:cherry_leaves":1,"minecraft:gravel":17,"minecraft:stone_bricks":7,"minecraft:netherrack":2,"minecraft:deepslate":127,"minecraft:warped_slab":1,"minecraft:tuff":13},"minecraft:picked_up":{"minecraft:charcoal":2,"minecraft:crafting_table":27,"minecraft:iron_chestplate":2,"minecraft:wheat":81,"minecraft:azure_bluet":1,"minecraft:stripped_warped_hyphae":3,"minecraft:chicken":5,"minecraft:brown_mushroom":5,"minecraft:diamond_sword":2,"minecraft:stone_brick_wall":2,"minecraft:stone_brick_stairs":1,"minecraft:warped_stairs":1,"minecraft:shield":6,"minecraft:amethyst_block":4,"minecraft:string":24,"minecraft:iron_axe":1,"minecraft:iron_leggings":3,"minecraft:iron_shovel":1,"minecraft:cherry_boat":2,"minecraft:gold_nugget":1,"minecraft:cobbled_deepslate":117,"minecraft:smooth_stone":27,"minecraft:bucket":1,"minecraft:spruce_planks":3,"minecraft:dark_prismarine_stairs":1,"minecraft:beef":9,"minecraft:oak_boat":4,"minecraft:warped_slab":2,"minecraft:calcite":2,"minecraft:spruce_slab":2,"minecraft:iron_pickaxe":8,"minecraft:light_gray_wool":5,"minecraft:enchanted_golden_apple":2,"minecraft:sugar_cane":124,"minecraft:egg":1,"minecraft:furnace":20,"minecraft:iron_boots":2,"minecraft:golden_helmet":5,"minecraft:stick":51,"minecraft:raw_iron":113,"minecraft:sandstone":3,"minecraft:torch":4,"minecraft:spruce_stairs":3,"minecraft:porkchop":34,"minecraft:cherry_log":2,"minecraft:warped_planks":10,"minecraft:carrot":50,"minecraft:redstone":7,"minecraft:prismarine_crystals":6,"minecraft:golden_chestplate":3,"minecraft:stone_sword":1,"minecraft:arrow":79,"minecraft:light_gray_bed":18,"minecraft:rotten_flesh":36,"minecraft:hay_block":106,"minecraft:gold_ingot":4,"minecraft:cod":1,"minecraft:obsidian":10,"minecraft:mutton":129,"minecraft:cobblestone":164,"minecraft:white_wool":64,"minecraft:feather":11,"minecraft:golden_carrot":10,"minecraft:andesite":4,"minecraft:black_bed":3,"minecraft:brown_wool":1,"minecraft:smoker":1,"minecraft:potato":56,"minecraft:packed_mud":2,"minecraft:flint":6,"minecraft:tuff":13,"minecraft:stripped_spruce_wood":4,"minecraft:light_gray_dye":1,"minecraft:oak_log":40,"more_bows_and_arrows:emerald_bow":1,"minecraft:gunpowder":18,"minecraft:lapis_lazuli":6,"minecraft:dirt":12,"minecraft:lantern":1,"minecraft:cooked_mutton":100,"minecraft:bone":152,"minecraft:stone_bricks":6,"minecraft:apple":24,"minecraft:bow":7,"minecraft:wheat_seeds":23,"minecraft:raw_gold":55,"minecraft:spore_blossom":2,"minecraft:grindstone":1,"minecraft:iron_ingot":16,"minecraft:diamond_helmet":1,"minecraft:moss_block":1,"minecraft:oak_planks":3,"minecraft:iron_sword":8,"minecraft:book":102,"minecraft:dark_oak_slab":2,"minecraft:cooked_porkchop":37,"minecraft:gravel":28,"minecraft:amethyst_shard":152,"minecraft:white_bed":1,"minecraft:dark_prismarine":6,"minecraft:dark_prismarine_slab":1,"minecraft:diamond_shovel":6,"minecraft:stone_axe":2,"minecraft:iron_helmet":4,"minecraft:hopper":1,"minecraft:emerald":4,"minecraft:gray_wool":4,"minecraft:bread":121,"minecraft:lodestone":3,"minecraft:baked_potato":29,"minecraft:oak_sapling":22,"minecraft:black_wool":4,"minecraft:coal":389,"minecraft:ender_pearl":1,"minecraft:diamond_pickaxe":1},"minecraft:killed":{"minecraft:spider":1,"minecraft:skeleton":38,"minecraft:chicken":6,"minecraft:drowned":2,"minecraft:pig":13,"minecraft:zombie_villager":4,"minecraft:iron_golem":3,"minecraft:creeper":11,"minecraft:polar_bear":1,"minecraft:sheep":49,"minecraft:zombie":33,"minecraft:enderman":1,"minecraft:villager":1,"minecraft:cow":5},"minecraft:dropped":{"minecraft:brown_mushroom":3,"minecraft:bread":7,"minecraft:iron_ingot":70,"minecraft:iron_sword":2,"minecraft:porkchop":8,"minecraft:moss_block":1,"minecraft:wheat_seeds":22,"minecraft:golden_helmet":3,"minecraft:cherry_log":2,"minecraft:cooked_beef":4,"minecraft:spore_blossom":2,"minecraft:feather":6,"minecraft:iron_helmet":2,"minecraft:dark_prismarine_slab":1,"minecraft:prismarine_crystals":3,"minecraft:black_bed":1,"minecraft:amethyst_block":2,"minecraft:apple":24,"minecraft:coal":165,"minecraft:cod":1,"minecraft:stick":46,"minecraft:emerald":6,"minecraft:dirt":1,"minecraft:gray_wool":3,"minecraft:torch":1,"minecraft:lodestone":1,"minecraft:potion":1,"minecraft:gold_nugget":1,"minecraft:iron_pickaxe":3,"minecraft:string":3,"minecraft:bone":2,"minecraft:redstone":7,"minecraft:gold_ingot":48,"minecraft:gravel":22,"minecraft:stone_axe":1,"minecraft:cobbled_deepslate":93,"minecraft:stone_sword":1,"minecraft:tuff":13,"minecraft:raw_iron":51,"minecraft:chicken":5,"minecraft:rotten_flesh":36,"minecraft:light_gray_wool":1,"minecraft:smoker":1,"minecraft:diamond_shovel":3,"minecraft:carrot":10,"minecraft:warped_planks":7,"minecraft:diamond_sword":1,"minecraft:potato":31,"minecraft:diamond_pickaxe":1,"minecraft:charcoal":2,"minecraft:andesite":1,"minecraft:light_gray_bed":1,"minecraft:leather_boots":2,"minecraft:oak_boat":1,"minecraft:oak_sapling":22,"minecraft:bow":7,"minecraft:arrow":16,"minecraft:beef":3,"minecraft:stone_pickaxe":1,"minecraft:wooden_pickaxe":1,"minecraft:raw_gold":46,"minecraft:calcite":2,"minecraft:dark_prismarine":1,"minecraft:black_wool":1},"minecraft:used":{"minecraft:stone_sword":27,"minecraft:flint_and_steel":3,"minecraft:spruce_slab":2,"minecraft:spruce_planks":9,"minecraft:shield":88,"minecraft:iron_sword":40,"minecraft:torch":2,"minecraft:dirt":11,"minecraft:spruce_stairs":3,"minecraft:azure_bluet":1,"minecraft:lantern":1,"minecraft:iron_axe":51,"minecraft:packed_mud":2,"minecraft:iron_helmet":1,"minecraft:dark_oak_slab":2,"minecraft:iron_boots":1,"minecraft:stone_bricks":1,"minecraft:light_gray_wool":4,"minecraft:furnace":8,"minecraft:egg":1,"minecraft:cooked_beef":2,"minecraft:cobbled_deepslate":24,"minecraft:light_gray_bed":14,"minecraft:golden_axe":8,"minecraft:cooked_mutton":39,"minecraft:water_bucket":26,"minecraft:amethyst_block":2,"minecraft:ender_pearl":1,"minecraft:baked_potato":29,"minecraft:stone_pickaxe":127,"minecraft:oak_planks":87,"more_bows_and_arrows:emerald_bow":8,"minecraft:wooden_pickaxe":3,"minecraft:brown_mushroom":2,"minecraft:sandstone":3,"minecraft:white_wool":10,"minecraft:crafting_table":11,"minecraft:white_bed":1,"minecraft:stone_brick_wall":2,"minecraft:black_bed":2,"minecraft:warped_planks":2,"minecraft:dark_prismarine":1,"minecraft:diamond_pickaxe":344,"minecraft:black_wool":2,"minecraft:apple":1,"minecraft:bread":24,"minecraft:brown_wool":1,"minecraft:warped_slab":1,"minecraft:iron_pickaxe":90,"minecraft:gravel":6,"minecraft:golden_helmet":1,"minecraft:stone_axe":71,"minecraft:fire_charge":4,"minecraft:diamond_sword":200,"minecraft:cobblestone":69,"minecraft:cooked_porkchop":17,"minecraft:cherry_boat":1,"minecraft:bucket":27,"minecraft:andesite":3,"minecraft:oak_boat":2,"minecraft:gray_wool":1,"minecraft:smooth_stone":3}},"DataVersion":3953}