{"stats":{"minecraft:crafted":{"minecraft:oak_planks":100,"minecraft:cooked_mutton":61,"minecraft:bow":1,"minecraft:raw_iron_block":6,"minecraft:arrow":20,"minecraft:cooked_porkchop":17,"minecraft:spruce_planks":16,"minecraft:wooden_pickaxe":1,"minecraft:light_gray_bed":1,"minecraft:shield":1,"minecraft:stick":28,"minecraft:iron_ingot":53,"minecraft:iron_block":4,"minecraft:gold_ingot":41,"minecraft:raw_iron":54,"minecraft:furnace":2,"minecraft:flint_and_steel":1,"minecraft:stone_pickaxe":1,"minecraft:wheat":27,"minecraft:cooked_beef":2,"minecraft:iron_sword":1,"minecraft:stone_axe":2,"minecraft:air":0,"minecraft:oak_boat":1,"minecraft:white_bed":1,"minecraft:torch":4},"minecraft:killed":{"minecraft:spider":1,"minecraft:skeleton":38,"minecraft:chicken":6,"minecraft:pig":13,"minecraft:zombie_villager":4,"minecraft:iron_golem":3,"minecraft:creeper":11,"minecraft:sheep":50,"minecraft:pillager":4,"minecraft:zombie":41,"minecraft:cow":5,"minecraft:drowned":2,"minecraft:polar_bear":1,"minecraft:villager":1,"minecraft:enderman":1},"minecraft:used":{"minecraft:spruce_slab":2,"minecraft:shield":88,"minecraft:iron_sword":40,"minecraft:azure_bluet":1,"minecraft:lantern":1,"minecraft:packed_mud":2,"minecraft:iron_helmet":1,"minecraft:dark_oak_slab":2,"minecraft:stone_bricks":1,"minecraft:written_book":1,"minecraft:furnace":8,"minecraft:egg":1,"minecraft:oak_planks":88,"minecraft:stone_pickaxe":127,"more_bows_and_arrows:emerald_bow":13,"minecraft:ender_pearl":1,"minecraft:wooden_pickaxe":3,"minecraft:sandstone":3,"minecraft:redstone_block":1,"minecraft:white_wool":10,"minecraft:stone_brick_wall":2,"minecraft:black_bed":2,"minecraft:bread":32,"minecraft:brown_wool":1,"minecraft:warped_slab":1,"minecraft:gravel":6,"minecraft:golden_helmet":1,"minecraft:diamond_sword":237,"minecraft:fire_charge":4,"minecraft:stripped_oak_wood":4,"minecraft:andesite":3,"minecraft:oak_boat":2,"minecraft:cherry_boat":2,"minecraft:stone_sword":27,"minecraft:flint_and_steel":3,"minecraft:spruce_planks":9,"minecraft:torch":3,"minecraft:dirt":11,"minecraft:spruce_stairs":3,"minecraft:iron_axe":59,"minecraft:iron_boots":1,"minecraft:light_gray_wool":4,"minecraft:cooked_beef":2,"minecraft:cobbled_deepslate":24,"minecraft:light_gray_bed":14,"minecraft:golden_axe":8,"minecraft:cooked_mutton":46,"minecraft:water_bucket":26,"minecraft:amethyst_block":2,"minecraft:baked_potato":29,"minecraft:brown_mushroom":2,"minecraft:crafting_table":12,"minecraft:white_bed":1,"minecraft:warped_planks":2,"minecraft:dark_prismarine":1,"minecraft:black_wool":2,"minecraft:diamond_pickaxe":377,"minecraft:apple":1,"minecraft:iron_pickaxe":90,"minecraft:stone_axe":71,"minecraft:blue_carpet":5,"minecraft:cobblestone":69,"minecraft:white_banner":2,"minecraft:cooked_porkchop":17,"minecraft:bucket":27,"minecraft:gray_wool":1,"minecraft:smooth_stone":7},"minecraft:custom":{"minecraft:interact_with_crafting_table":35,"minecraft:open_barrel":174,"minecraft:leave_game":2,"minecraft:time_since_death":330158,"minecraft:sprint_one_cm":1103936,"minecraft:damage_blocked_by_shield":5759,"minecraft:drop":191,"minecraft:talked_to_villager":12,"minecraft:play_time":433085,"minecraft:deaths":8,"minecraft:jump":7130,"minecraft:interact_with_brewingstand":4,"minecraft:walk_on_water_one_cm":25194,"minecraft:interact_with_furnace":41,"minecraft:sleep_in_bed":19,"minecraft:damage_dealt":28291,"minecraft:crouch_one_cm":28525,"minecraft:interact_with_smoker":17,"minecraft:mob_kills":186,"minecraft:interact_with_anvil":6,"minecraft:interact_with_campfire":47,"minecraft:climb_one_cm":3723,"minecraft:walk_one_cm":640996,"minecraft:sneak_time":13628,"minecraft:walk_under_water_one_cm":22824,"minecraft:boat_one_cm":443489,"minecraft:interact_with_lectern":8,"minecraft:interact_with_blast_furnace":45,"minecraft:total_world_time":433085,"minecraft:interact_with_grindstone":1,"minecraft:time_since_rest":41586,"minecraft:damage_taken":7683,"minecraft:swim_one_cm":50349,"minecraft:fly_one_cm":1832114,"minecraft:open_chest":167,"minecraft:fall_one_cm":214350},"minecraft:killed_by":{"minecraft:zombie":1,"minecraft:skeleton":6},"minecraft:dropped":{"minecraft:iron_sword":2,"minecraft:candle":1,"minecraft:moss_block":1,"minecraft:brown_mushroom":3,"minecraft:porkchop":8,"minecraft:cooked_beef":4,"minecraft:spore_blossom":2,"minecraft:dark_oak_slab":3,"minecraft:black_bed":1,"minecraft:cod":1,"minecraft:emerald":6,"minecraft:dirt":1,"minecraft:gold_nugget":1,"minecraft:iron_pickaxe":3,"minecraft:gold_ingot":48,"minecraft:bone":2,"minecraft:gravel":22,"minecraft:stone_axe":1,"minecraft:cobbled_deepslate":93,"minecraft:rotten_flesh":44,"minecraft:diamond_shovel":3,"minecraft:carrot":10,"minecraft:warped_planks":7,"minecraft:charcoal":2,"minecraft:hopper":1,"minecraft:leather_boots":2,"minecraft:arrow":16,"minecraft:beef":3,"minecraft:written_book":1,"minecraft:iron_ingot":70,"minecraft:bread":7,"minecraft:wheat_seeds":22,"minecraft:golden_helmet":3,"minecraft:cherry_log":2,"minecraft:feather":6,"minecraft:iron_helmet":2,"minecraft:dark_prismarine_slab":1,"minecraft:prismarine_crystals":3,"minecraft:book":2,"minecraft:amethyst_block":2,"minecraft:apple":24,"minecraft:coal":165,"minecraft:stick":46,"minecraft:iron_block":4,"minecraft:gray_wool":3,"minecraft:torch":2,"minecraft:lodestone":1,"minecraft:potion":1,"minecraft:wither_rose":1,"minecraft:chipped_anvil":1,"minecraft:string":19,"minecraft:redstone":10,"minecraft:stone_sword":1,"minecraft:tuff":13,"minecraft:raw_iron":51,"minecraft:chicken":5,"minecraft:light_gray_wool":1,"minecraft:smoker":1,"minecraft:diamond_sword":1,"minecraft:potato":31,"minecraft:iron_chestplate":1,"minecraft:diamond_pickaxe":1,"minecraft:andesite":1,"minecraft:light_gray_bed":1,"minecraft:oak_sapling":22,"minecraft:oak_boat":1,"minecraft:bow":7,"minecraft:stone_pickaxe":1,"minecraft:wooden_pickaxe":1,"minecraft:raw_gold":46,"minecraft:calcite":2,"minecraft:dark_prismarine":1,"minecraft:black_wool":2},"minecraft:mined":{"minecraft:dark_prismarine_stairs":2,"minecraft:blue_carpet":1,"minecraft:stripped_warped_stem":1,"minecraft:spruce_planks":3,"minecraft:white_bed":1,"minecraft:cherry_log":11,"minecraft:warped_stairs":1,"minecraft:obsidian":10,"minecraft:cave_vines_plant":4,"minecraft:grass_block":8,"minecraft:stone_brick_wall":2,"minecraft:light_gray_bed":16,"minecraft:stripped_warped_hyphae":3,"minecraft:chiseled_stone_bricks":1,"minecraft:smooth_stone":27,"minecraft:cobbled_deepslate":1,"minecraft:iron_ore":27,"minecraft:fire":2,"minecraft:turtle_egg":1,"minecraft:anvil":1,"minecraft:azure_bluet":1,"minecraft:cave_vines":1,"minecraft:dirt_path":2,"minecraft:iron_bars":1,"minecraft:spruce_pressure_plate":1,"minecraft:smoker":1,"visualworkbench:minecraft/crafting_table":17,"minecraft:calcite":2,"minecraft:white_stained_glass_pane":1,"minecraft:cobblestone":7,"minecraft:grindstone":1,"minecraft:sugar_cane":16,"minecraft:oak_planks":4,"minecraft:wall_torch":1,"minecraft:warped_planks":9,"minecraft:wheat":9,"minecraft:light_gray_wool":1,"minecraft:stripped_oak_wood":3,"minecraft:black_bed":1,"minecraft:stone_brick_stairs":1,"minecraft:oak_log":23,"minecraft:dirt":1,"minecraft:netherrack":2,"minecraft:deepslate":127,"minecraft:dark_prismarine":6,"minecraft:tuff":13,"minecraft:mossy_cobblestone":3,"minecraft:deepslate_diamond_ore":1,"minecraft:sea_lantern":1,"minecraft:glow_lichen":1,"minecraft:spruce_leaves":2,"minecraft:rooted_dirt":1,"minecraft:large_fern":1,"minecraft:hay_block":69,"minecraft:furnace":5,"minecraft:packed_mud":2,"minecraft:carrots":11,"minecraft:andesite":7,"minecraft:potatoes":5,"minecraft:deepslate_iron_ore":15,"minecraft:packed_ice":3,"minecraft:stone":163,"minecraft:white_wool":1,"minecraft:smooth_sandstone":3,"minecraft:short_grass":25,"minecraft:emerald_ore":2,"minecraft:campfire":1,"minecraft:deepslate_gold_ore":30,"minecraft:stripped_spruce_wood":4,"minecraft:dark_prismarine_slab":1,"minecraft:coal_ore":101,"minecraft:cherry_leaves":1,"minecraft:gravel":17,"minecraft:stone_bricks":10,"minecraft:warped_slab":1},"minecraft:broken":{"minecraft:shield":2},"minecraft:picked_up":{"minecraft:iron_chestplate":2,"minecraft:wheat":81,"minecraft:redstone_block":1,"minecraft:diamond_sword":2,"minecraft:wither_rose":1,"minecraft:enchanted_book":1,"minecraft:stone_brick_stairs":2,"minecraft:warped_stairs":1,"minecraft:amethyst_block":4,"minecraft:string":34,"minecraft:iron_leggings":3,"minecraft:cherry_boat":3,"minecraft:cobbled_deepslate":117,"minecraft:gold_nugget":1,"minecraft:smooth_stone":27,"minecraft:bucket":1,"minecraft:spruce_planks":3,"minecraft:written_book":1,"minecraft:warped_slab":2,"minecraft:calcite":2,"minecraft:iron_pickaxe":8,"minecraft:enchanted_golden_apple":2,"minecraft:furnace":20,"minecraft:iron_boots":2,"minecraft:golden_helmet":5,"minecraft:stick":51,"minecraft:torch":5,"minecraft:spruce_stairs":3,"minecraft:porkchop":34,"minecraft:cherry_log":2,"minecraft:warped_planks":10,"minecraft:golden_chestplate":3,"minecraft:stone_sword":1,"minecraft:rotten_flesh":47,"minecraft:light_gray_bed":18,"minecraft:obsidian":10,"minecraft:cod":1,"minecraft:cobblestone":164,"minecraft:feather":11,"minecraft:andesite":4,"minecraft:black_bed":3,"minecraft:brown_wool":1,"minecraft:smoker":1,"minecraft:potato":56,"minecraft:flint":6,"minecraft:stripped_spruce_wood":4,"minecraft:tuff":13,"minecraft:light_gray_dye":1,"minecraft:lapis_lazuli":6,"minecraft:dirt":13,"minecraft:lantern":1,"minecraft:bone":152,"minecraft:chipped_anvil":1,"minecraft:bow":7,"minecraft:wheat_seeds":23,"minecraft:raw_gold":55,"minecraft:grindstone":1,"minecraft:diamond_helmet":1,"minecraft:moss_block":1,"minecraft:oak_planks":4,"minecraft:cooked_porkchop":37,"minecraft:barrel":8,"minecraft:dark_prismarine":6,"minecraft:dark_prismarine_slab":1,"minecraft:bread":121,"minecraft:emerald":4,"minecraft:oak_sapling":22,"minecraft:diamond_pickaxe":1,"minecraft:crafting_table":29,"minecraft:charcoal":2,"minecraft:stripped_warped_hyphae":3,"minecraft:azure_bluet":1,"minecraft:ominous_bottle":2,"minecraft:chicken":5,"minecraft:brown_mushroom":5,"minecraft:stone_brick_wall":2,"minecraft:shield":6,"minecraft:iron_axe":1,"minecraft:iron_shovel":1,"minecraft:candle":1,"minecraft:dark_prismarine_stairs":1,"minecraft:beef":9,"minecraft:oak_boat":4,"minecraft:spruce_slab":2,"minecraft:light_gray_wool":5,"minecraft:sugar_cane":136,"minecraft:egg":1,"minecraft:raw_iron":113,"minecraft:sandstone":3,"minecraft:carrot":50,"minecraft:redstone":10,"minecraft:prismarine_crystals":6,"minecraft:blue_carpet":5,"minecraft:arrow":79,"minecraft:hay_block":106,"minecraft:gold_ingot":5,"minecraft:mutton":131,"minecraft:white_wool":65,"minecraft:golden_carrot":10,"minecraft:packed_mud":2,"minecraft:oak_log":40,"more_bows_and_arrows:emerald_bow":1,"minecraft:gunpowder":18,"minecraft:white_banner":2,"minecraft:cooked_mutton":123,"minecraft:apple":24,"minecraft:stone_bricks":7,"minecraft:spore_blossom":2,"minecraft:iron_ingot":25,"minecraft:stripped_oak_wood":4,"minecraft:iron_sword":8,"minecraft:book":104,"minecraft:dark_oak_slab":5,"minecraft:gravel":28,"minecraft:amethyst_shard":152,"minecraft:white_bed":1,"minecraft:diamond_shovel":6,"minecraft:stone_axe":2,"minecraft:iron_helmet":4,"minecraft:gray_wool":4,"minecraft:lodestone":3,"minecraft:baked_potato":29,"minecraft:black_wool":4,"minecraft:coal":389,"minecraft:hopper":1,"minecraft:ender_pearl":1}},"DataVersion":3953}