{"stats":{"minecraft:crafted":{"minecraft:black_dye":1,"minecraft:oak_planks":68,"minecraft:cobblestone_slab":66,"minecraft:bookshelf":1,"minecraft:warped_planks":4,"minecraft:hopper":4,"minecraft:diamond_leggings":2,"minecraft:repeater":3,"minecraft:diamond_helmet":1,"minecraft:bow":2,"minecraft:chest":13,"minecraft:stone_hoe":1,"minecraft:stone_bricks":256,"minecraft:arrow":784,"minecraft:emerald":1659,"minecraft:crafting_table":2,"minecraft:spruce_planks":872,"minecraft:wooden_pickaxe":1,"minecraft:baked_potato":7,"minecraft:green_bed":7,"minecraft:spruce_trapdoor":10,"minecraft:iron_chestplate":1,"minecraft:stick":1368,"minecraft:iron_ingot":21,"minecraft:iron_pickaxe":2,"minecraft:stone_sword":3,"minecraft:black_bed":1,"minecraft:redstone_torch":7,"minecraft:spruce_fence_gate":12,"minecraft:shears":1,"minecraft:redstone":18,"minecraft:furnace":1,"minecraft:bone_meal":177,"minecraft:stone_pickaxe":2,"minecraft:diamond_boots":1,"minecraft:crossbow":1,"minecraft:stone_axe":2,"minecraft:enchanted_book":3,"minecraft:air":0,"minecraft:torch":4,"minecraft:diamond_chestplate":1},"minecraft:dropped":{"minecraft:spruce_sign":6,"minecraft:soul_sand":15,"minecraft:brown_mushroom":3,"minecraft:porkchop":4,"minecraft:diamond_axe":2,"minecraft:oak_pressure_plate":1,"minecraft:baked_potato":5,"minecraft:ender_pearl":7,"minecraft:diamond":1,"minecraft:crossbow":3,"minecraft:warped_roots":3,"minecraft:lantern":2,"minecraft:leather":4,"minecraft:red_mushroom":3,"minecraft:flint":22,"minecraft:emerald":127,"minecraft:gold_block":3,"minecraft:cracked_polished_blackstone_bricks":18,"minecraft:dirt":13,"minecraft:polished_blackstone_brick_stairs":3,"minecraft:crimson_roots":2,"minecraft:gold_nugget":106,"minecraft:pumpkin_pie":60,"minecraft:bone_meal":78,"minecraft:sand":6,"minecraft:polished_blackstone_bricks":81,"minecraft:iron_pickaxe":2,"minecraft:gold_ingot":6,"minecraft:bone":35,"minecraft:chiseled_polished_blackstone":3,"minecraft:stone_axe":2,"minecraft:blackstone":54,"minecraft:cobbled_deepslate":3,"minecraft:wheat":104,"minecraft:soul_lantern":1,"minecraft:deepslate_brick_slab":8,"minecraft:rotten_flesh":47,"minecraft:oak_planks":19,"minecraft:diamond_shovel":1,"minecraft:azure_bluet":1,"minecraft:white_bed":1,"minecraft:warped_planks":3,"minecraft:carrot":80,"minecraft:poppy":1,"minecraft:leather_chestplate":1,"minecraft:gunpowder":6,"minecraft:charcoal":21,"minecraft:leather_leggings":1,"minecraft:iron_bars":1,"minecraft:blackstone_slab":3,"minecraft:basalt":7,"minecraft:arrow":2,"minecraft:ghast_tear":1,"minecraft:quartz":190,"minecraft:netherrack":2943,"minecraft:enchanted_book":2,"minecraft:stone_hoe":1,"minecraft:iron_ingot":10,"minecraft:wheat_seeds":290,"minecraft:cobbled_deepslate_stairs":1,"minecraft:deepslate_redstone_ore":1,"minecraft:diamond_leggings":1,"minecraft:oak_fence":2,"minecraft:golden_axe":1,"minecraft:iron_helmet":2,"minecraft:cobblestone":225,"minecraft:book":120,"minecraft:apple":2,"minecraft:coal":456,"minecraft:stick":364,"minecraft:diorite":18,"minecraft:torch":4,"minecraft:lodestone":1,"minecraft:diamond_helmet":1,"minecraft:iron_leggings":2,"minecraft:oak_stairs":2,"minecraft:raw_iron_block":2,"minecraft:string":1013,"minecraft:bucket":2,"minecraft:spruce_sapling":65,"minecraft:smooth_basalt":1,"minecraft:soul_soil":4,"minecraft:stone_sword":2,"minecraft:blaze_rod":3,"minecraft:bowl":8,"minecraft:tuff":1,"minecraft:raw_iron":86,"minecraft:clay_ball":44,"minecraft:iron_boots":1,"minecraft:green_concrete":2,"minecraft:stone_slab":2,"minecraft:cobblestone_slab":2,"minecraft:hay_block":61,"minecraft:diamond_chestplate":2,"minecraft:spruce_trapdoor":1,"minecraft:spruce_planks":37,"minecraft:iron_chestplate":2,"minecraft:diamond_pickaxe":10,"minecraft:andesite":11,"minecraft:golden_leggings":1,"minecraft:oak_sapling":1,"minecraft:golden_sword":7,"minecraft:spider_eye":7,"minecraft:diamond_boots":1,"minecraft:spruce_log":5289,"minecraft:sandstone":3,"minecraft:bow":6,"minecraft:stone_pickaxe":1,"minecraft:wooden_pickaxe":1,"minecraft:raw_gold":1,"minecraft:green_concrete_powder":1,"minecraft:calcite":3,"minecraft:magma_block":2},"minecraft:picked_up":{"minecraft:wheat":104,"minecraft:nether_brick_fence":1,"minecraft:suspicious_stew":3,"minecraft:stone_slab":2,"minecraft:diamond_sword":2,"minecraft:oak_stairs":2,"minecraft:enchanted_book":18,"minecraft:golden_sword":7,"minecraft:amethyst_block":1,"minecraft:music_disc_cat":1,"minecraft:polished_blackstone_brick_stairs":5,"minecraft:string":1097,"minecraft:soul_soil":4,"minecraft:iron_leggings":1,"minecraft:sea_pickle":2,"minecraft:diamond_leggings":1,"minecraft:gold_nugget":106,"minecraft:cobbled_deepslate":330,"minecraft:bucket":3,"minecraft:spruce_planks":13,"minecraft:warped_slab":1,"minecraft:redstone_torch":1,"minecraft:cobblestone_slab":63,"minecraft:calcite":3,"minecraft:azalea":1,"minecraft:iron_pickaxe":2,"minecraft:furnace":4,"minecraft:golden_helmet":1,"minecraft:stick":430,"minecraft:composter":1,"minecraft:oak_fence":3,"minecraft:torch":34,"minecraft:green_bed":10,"minecraft:spruce_stairs":1,"minecraft:porkchop":4,"minecraft:golden_axe":1,"minecraft:diorite":26,"minecraft:warped_planks":6,"minecraft:golden_chestplate":1,"minecraft:warped_door":1,"minecraft:stone_sword":1,"minecraft:rotten_flesh":52,"minecraft:iron_block":1,"minecraft:green_wool":21,"minecraft:blaze_rod":4,"minecraft:iron_bars":1,"minecraft:cobblestone":534,"minecraft:magma_block":2,"minecraft:leather_chestplate":1,"minecraft:repeater":3,"minecraft:medium_amethyst_bud":8,"minecraft:water_bucket":1,"minecraft:andesite":26,"minecraft:green_concrete_powder":1,"minecraft:black_bed":5,"minecraft:golden_leggings":1,"minecraft:smoker":1,"minecraft:flint":364,"minecraft:stripped_spruce_wood":4,"minecraft:tuff":70,"minecraft:smooth_sandstone_stairs":2,"minecraft:dirt":204,"minecraft:lantern":5,"minecraft:glass":136,"minecraft:bone":110,"minecraft:large_amethyst_bud":8,"minecraft:bow":7,"minecraft:wheat_seeds":290,"minecraft:deepslate_brick_slab":18,"minecraft:raw_gold":3,"minecraft:grindstone":2,"minecraft:fletching_table":4,"minecraft:diamond_helmet":2,"minecraft:oak_planks":11,"minecraft:ghast_tear":1,"minecraft:chiseled_polished_blackstone":11,"minecraft:cooked_porkchop":3,"minecraft:oak_pressure_plate":2,"minecraft:sand":6,"minecraft:stripped_spruce_log":3,"minecraft:ink_sac":3,"minecraft:barrel":1,"minecraft:dark_prismarine_slab":2,"minecraft:spruce_fence_gate":1,"minecraft:green_concrete":2,"minecraft:diamond":1,"minecraft:deepslate":1,"minecraft:polished_blackstone_pressure_plate":1,"minecraft:soul_lantern":1,"minecraft:lever":4,"minecraft:cracked_polished_blackstone_bricks":51,"minecraft:crossbow":5,"minecraft:bone_meal":27,"minecraft:spruce_sign":8,"minecraft:emerald":103,"minecraft:bread":3,"minecraft:oak_sapling":2,"minecraft:netherrack":5124,"minecraft:crimson_roots":3,"minecraft:diamond_pickaxe":14,"minecraft:charcoal":35,"minecraft:crafting_table":9,"minecraft:azure_bluet":2,"minecraft:ominous_bottle":1,"minecraft:clay_ball":44,"minecraft:leather_leggings":1,"minecraft:brown_mushroom":3,"minecraft:gold_block":134,"more_bows_and_arrows:diamond_bow":2,"minecraft:chain":1,"minecraft:shield":1,"minecraft:red_bed":1,"minecraft:blackstone":118,"minecraft:stripped_warped_stem":1,"minecraft:poppy":1,"minecraft:light_gray_wool":2,"minecraft:spruce_slab":1,"minecraft:lectern":3,"minecraft:sugar_cane":43,"minecraft:chest":1,"minecraft:spruce_trapdoor":4,"minecraft:raw_iron":151,"minecraft:sandstone":8,"minecraft:stone":2,"minecraft:bowl":2,"minecraft:amethyst_cluster":4,"minecraft:polished_blackstone_bricks":324,"minecraft:stone_button":1,"minecraft:carrot":44,"minecraft:redstone":364,"minecraft:arrow":162,"minecraft:diamond_chestplate":2,"minecraft:pumpkin_pie":64,"minecraft:deepslate_bricks":1,"minecraft:shears":1,"minecraft:diamond_boots":3,"minecraft:hay_block":91,"minecraft:gold_ingot":5,"minecraft:mutton":1,"minecraft:bone_block":28,"minecraft:white_wool":12,"more_bows_and_arrows:diamond_arrow":247,"minecraft:purple_dye":1,"minecraft:basalt":9,"minecraft:golden_carrot":477,"minecraft:tripwire_hook":20,"minecraft:leather":4,"minecraft:blackstone_slab":3,"minecraft:red_mushroom":3,"minecraft:oak_log":17,"minecraft:cobblestone_wall":2,"minecraft:nether_wart_block":6,"minecraft:cobbled_deepslate_stairs":3,"minecraft:gunpowder":34,"minecraft:white_banner":2,"minecraft:apple":2,"minecraft:stone_bricks":65,"minecraft:iron_ingot":5,"minecraft:soul_sand":17,"minecraft:book":97,"minecraft:smooth_basalt":1,"minecraft:quartz":210,"minecraft:raw_iron_block":2,"minecraft:gravel":1,"minecraft:lava_bucket":2,"minecraft:small_amethyst_bud":8,"minecraft:spruce_sapling":1035,"minecraft:white_bed":1,"minecraft:spruce_log":6159,"minecraft:spider_eye":7,"minecraft:diamond_shovel":2,"minecraft:deepslate_redstone_ore":1,"minecraft:diamond_axe":5,"minecraft:warped_roots":3,"minecraft:lodestone":1,"minecraft:brown_banner":2,"minecraft:coal":523,"minecraft:ender_pearl":20},"minecraft:killed_by":{"minecraft:creeper":1,"minecraft:piglin":1},"minecraft:broken":{"minecraft:stone_pickaxe":1,"minecraft:shield":1,"minecraft:iron_pickaxe":2},"minecraft:used":{"minecraft:chest":10,"minecraft:shield":49,"minecraft:stone":2,"minecraft:zombie_spawn_egg":1,"minecraft:bell":1,"minecraft:iron_chestplate":3,"minecraft:soul_sand":1,"minecraft:carrot":92,"minecraft:deepslate_brick_slab":10,"minecraft:tuff":26,"minecraft:azure_bluet":1,"minecraft:glass":4,"minecraft:lava_bucket":6,"minecraft:lantern":2,"minecraft:iron_helmet":1,"minecraft:crimson_roots":1,"minecraft:stone_bricks":178,"minecraft:repeater":6,"minecraft:bow":36,"minecraft:hay_block":1,"minecraft:ominous_bottle":1,"minecraft:furnace":3,"minecraft:chiseled_polished_blackstone":2,"minecraft:diorite":8,"minecraft:diamond_boots":2,"minecraft:oak_planks":4,"minecraft:stone_pickaxe":131,"minecraft:blackstone":1,"minecraft:ender_pearl":8,"minecraft:wooden_pickaxe":18,"minecraft:composter":3,"minecraft:sugar_cane":1,"minecraft:diamond_axe":5985,"minecraft:white_wool":2,"minecraft:crossbow":28,"minecraft:black_bed":6,"minecraft:shears":64,"minecraft:cobbled_deepslate_stairs":2,"minecraft:redstone_torch":1,"minecraft:lever":4,"more_bows_and_arrows:diamond_bow":28,"minecraft:bread":66,"minecraft:stone_button":1,"minecraft:string":45,"minecraft:lectern":3,"minecraft:oak_pressure_plate":1,"minecraft:deepslate":1,"minecraft:gravel":1,"minecraft:golden_helmet":3,"minecraft:nether_wart_block":2,"minecraft:diamond_sword":617,"minecraft:grindstone":1,"minecraft:andesite":8,"minecraft:chain":1,"minecraft:bone_meal":112,"minecraft:experience_bottle":15,"minecraft:oak_fence":1,"minecraft:stone_sword":78,"minecraft:redstone":82,"minecraft:spruce_planks":17,"minecraft:stone_hoe":113,"minecraft:netherrack":1528,"minecraft:torch":54,"minecraft:dirt":201,"minecraft:hopper":4,"minecraft:diamond_helmet":4,"minecraft:warped_door":1,"minecraft:bookshelf":1,"minecraft:polished_blackstone_brick_stairs":2,"minecraft:iron_boots":1,"minecraft:diamond_chestplate":3,"minecraft:light_gray_wool":2,"minecraft:basalt":2,"minecraft:tripwire_hook":16,"minecraft:golden_carrot":130,"minecraft:cobbled_deepslate":92,"minecraft:iron_leggings":1,"minecraft:water_bucket":112,"minecraft:amethyst_block":1,"minecraft:baked_potato":2,"minecraft:spruce_sign":2,"minecraft:fletching_table":3,"minecraft:green_bed":13,"minecraft:cobblestone_slab":117,"minecraft:spruce_fence_gate":12,"minecraft:polished_blackstone_bricks":102,"minecraft:crafting_table":9,"minecraft:dark_prismarine_slab":1,"minecraft:brown_banner":2,"minecraft:spruce_log":18,"minecraft:warped_planks":5,"minecraft:diamond_pickaxe":6535,"minecraft:diamond_shovel":785,"minecraft:cracked_polished_blackstone_bricks":5,"minecraft:iron_pickaxe":733,"minecraft:suspicious_stew":6,"minecraft:spruce_trapdoor":13,"minecraft:spruce_sapling":318,"minecraft:stone_axe":60,"minecraft:cobblestone":413,"minecraft:white_banner":2,"minecraft:bucket":119,"minecraft:pumpkin_pie":4,"minecraft:sea_pickle":2,"minecraft:diamond_leggings":1,"minecraft:splash_potion":2},"minecraft:killed":{"minecraft:zombified_piglin":3,"minecraft:spider":11,"minecraft:skeleton":60,"minecraft:piglin_brute":6,"minecraft:magma_cube":6,"minecraft:piglin":44,"minecraft:zombie_villager":3,"minecraft:iron_golem":1,"minecraft:creeper":20,"minecraft:sheep":1,"minecraft:pillager":5,"minecraft:zombie":69,"minecraft:ghast":3,"minecraft:blaze":1,"minecraft:hoglin":5,"minecraft:squid":1,"minecraft:enderman":6},"minecraft:custom":{"minecraft:interact_with_crafting_table":42,"minecraft:open_barrel":53,"minecraft:bell_ring":13,"minecraft:leave_game":7,"minecraft:time_since_death":18593,"minecraft:sprint_one_cm":2207943,"minecraft:damage_blocked_by_shield":2520,"minecraft:drop":461,"minecraft:talked_to_villager":225,"minecraft:play_time":967152,"minecraft:deaths":2,"minecraft:jump":15196,"minecraft:walk_on_water_one_cm":34019,"minecraft:interact_with_furnace":60,"minecraft:traded_with_villager":1663,"minecraft:sleep_in_bed":26,"minecraft:damage_dealt":47499,"minecraft:crouch_one_cm":284093,"minecraft:interact_with_smoker":3,"minecraft:interact_with_anvil":66,"minecraft:mob_kills":256,"minecraft:inspect_hopper":4,"minecraft:climb_one_cm":2973,"minecraft:walk_one_cm":1348179,"minecraft:sneak_time":82058,"minecraft:walk_under_water_one_cm":9411,"minecraft:interact_with_blast_furnace":10,"minecraft:total_world_time":967152,"minecraft:interact_with_grindstone":15,"minecraft:interact_with_stonecutter":4,"minecraft:time_since_rest":18775,"minecraft:damage_taken":11429,"minecraft:swim_one_cm":42342,"minecraft:fly_one_cm":2417832,"minecraft:open_chest":559,"minecraft:fall_one_cm":386454},"minecraft:mined":{"minecraft:stripped_warped_stem":1,"minecraft:spruce_planks":13,"minecraft:white_bed":1,"minecraft:cobbled_deepslate_stairs":3,"minecraft:sculk_vein":2,"minecraft:spruce_trapdoor":4,"minecraft:chiseled_polished_blackstone":11,"minecraft:grass_block":64,"minecraft:cracked_polished_blackstone_bricks":64,"minecraft:oak_pressure_plate":2,"minecraft:deepslate_bricks":1,"minecraft:soul_soil":5,"minecraft:green_concrete":3,"minecraft:polished_blackstone_pressure_plate":1,"minecraft:spawner":10,"minecraft:polished_blackstone_bricks":287,"minecraft:raw_iron_block":2,"minecraft:magma_block":9,"minecraft:iron_ore":85,"minecraft:barrel":1,"minecraft:cobbled_deepslate":3,"minecraft:fire":31,"minecraft:fletching_table":3,"minecraft:sculk_shrieker":2,"minecraft:dirt_path":2,"minecraft:iron_bars":1,"minecraft:oak_stairs":2,"minecraft:smooth_sandstone_stairs":1,"minecraft:green_bed":9,"minecraft:tripwire":17,"minecraft:deepslate_redstone_ore":2,"minecraft:red_bed":1,"minecraft:blackstone":159,"minecraft:soul_fire":20,"minecraft:crimson_nylium":4,"minecraft:smoker":1,"minecraft:clay":11,"visualworkbench:minecraft/crafting_table":8,"minecraft:torch":4,"minecraft:calcite":3,"minecraft:green_concrete_powder":1,"minecraft:chest":1,"minecraft:nether_quartz_ore":105,"minecraft:cobblestone":148,"minecraft:oak_planks":10,"minecraft:sugar_cane":16,"minecraft:grindstone":2,"minecraft:wall_torch":5,"minecraft:amethyst_block":1,"minecraft:chain":1,"minecraft:repeater":3,"minecraft:warped_nylium":1,"minecraft:nether_wart_block":6,"minecraft:warped_planks":6,"minecraft:wheat":107,"minecraft:light_gray_wool":2,"minecraft:black_bed":5,"minecraft:oak_log":17,"minecraft:dirt":143,"minecraft:sand":6,"minecraft:smooth_basalt":1,"minecraft:tripwire_hook":4,"minecraft:netherrack":5152,"minecraft:oak_leaves":3,"minecraft:deepslate":238,"minecraft:nether_gold_ore":13,"minecraft:tuff":40,"minecraft:deepslate_diamond_ore":1,"minecraft:glow_lichen":1,"minecraft:lever":3,"minecraft:redstone_wire":45,"minecraft:spruce_leaves":75,"minecraft:sandstone":4,"minecraft:large_fern":3,"minecraft:hay_block":90,"minecraft:deepslate_brick_slab":15,"minecraft:furnace":4,"minecraft:carrots":7,"minecraft:andesite":22,"minecraft:stripped_spruce_log":3,"minecraft:gold_block":73,"minecraft:bookshelf":20,"minecraft:deepslate_iron_ore":22,"minecraft:cobblestone_slab":62,"minecraft:stone":253,"minecraft:bone_block":14,"minecraft:white_wool":5,"minecraft:green_wool":22,"minecraft:glass_pane":2,"minecraft:soul_sand":17,"minecraft:basalt":11,"minecraft:oak_fence":2,"minecraft:smooth_sandstone":6,"minecraft:short_grass":31,"minecraft:blackstone_slab":3,"minecraft:emerald_ore":17,"minecraft:warped_roots":2,"minecraft:andesite_slab":1,"minecraft:sculk_sensor":2,"minecraft:campfire":7,"minecraft:lectern":4,"minecraft:stone_slab":1,"minecraft:tall_grass":1,"minecraft:polished_blackstone_brick_stairs":5,"minecraft:sculk":38,"minecraft:diorite":19,"minecraft:spruce_stairs":1,"minecraft:stripped_spruce_wood":1,"minecraft:cobblestone_wall":2,"minecraft:redstone_torch":1,"minecraft:spruce_log":5902,"minecraft:white_wall_banner":1,"minecraft:dark_prismarine_slab":1,"minecraft:coal_ore":387,"minecraft:gravel":643,"minecraft:cobweb":10,"minecraft:spruce_fence_gate":1,"minecraft:stone_bricks":82,"minecraft:gold_ore":1,"minecraft:warped_slab":1}},"DataVersion":3953}