{"stats":{"minecraft:dropped":{"minecraft:iron_ingot":1,"minecraft:spruce_sign":6,"minecraft:wheat_seeds":284,"minecraft:cobbled_deepslate_stairs":1,"minecraft:cobblestone":32,"minecraft:lantern":1,"minecraft:stick":1,"minecraft:emerald":3,"minecraft:gold_block":3,"minecraft:dirt":13,"minecraft:lodestone":1,"minecraft:polished_blackstone_bricks":1,"minecraft:raw_iron_block":2,"minecraft:soul_soil":1,"minecraft:stone_sword":1,"minecraft:cobbled_deepslate":2,"minecraft:soul_lantern":1,"minecraft:raw_iron":10,"minecraft:oak_planks":12,"minecraft:stone_slab":2,"minecraft:white_bed":1,"minecraft:warped_planks":3,"minecraft:diamond_chestplate":1,"minecraft:andesite":2,"minecraft:oak_sapling":1,"minecraft:sandstone":2,"minecraft:iron_bars":1,"minecraft:stone_pickaxe":1,"minecraft:wooden_pickaxe":1,"minecraft:calcite":2},"minecraft:crafted":{"minecraft:black_dye":1,"minecraft:oak_planks":24,"minecraft:furnace":1,"minecraft:warped_planks":4,"minecraft:bow":2,"minecraft:stone_pickaxe":2,"minecraft:crafting_table":1,"minecraft:wooden_pickaxe":1,"minecraft:stone_axe":1,"minecraft:air":0,"minecraft:iron_chestplate":1,"minecraft:stick":12,"minecraft:iron_ingot":4,"minecraft:iron_pickaxe":1,"minecraft:stone_sword":2,"minecraft:black_bed":1,"minecraft:torch":4},"minecraft:mined":{"minecraft:stripped_warped_stem":1,"minecraft:spruce_planks":5,"minecraft:white_bed":1,"minecraft:cobbled_deepslate_stairs":3,"minecraft:grass_block":2,"minecraft:deepslate_bricks":1,"minecraft:soul_soil":1,"minecraft:spruce_leaves":11,"minecraft:polished_blackstone_pressure_plate":1,"minecraft:spawner":9,"minecraft:large_fern":3,"minecraft:polished_blackstone_bricks":1,"minecraft:hay_block":5,"minecraft:raw_iron_block":2,"minecraft:furnace":3,"minecraft:iron_ore":17,"minecraft:cobbled_deepslate":2,"minecraft:barrel":1,"minecraft:andesite":11,"minecraft:gold_block":3,"minecraft:bookshelf":16,"minecraft:iron_bars":1,"minecraft:smooth_sandstone_stairs":1,"minecraft:stone":142,"minecraft:red_bed":1,"minecraft:smoker":1,"visualworkbench:minecraft/crafting_table":3,"minecraft:smooth_sandstone":6,"minecraft:short_grass":24,"minecraft:calcite":2,"minecraft:andesite_slab":1,"minecraft:campfire":7,"minecraft:stone_slab":1,"minecraft:cobblestone":22,"minecraft:grindstone":2,"minecraft:sugar_cane":12,"minecraft:wall_torch":2,"minecraft:spruce_stairs":1,"minecraft:chain":1,"minecraft:cobblestone_wall":2,"minecraft:stripped_spruce_wood":1,"minecraft:warped_planks":6,"minecraft:wheat":107,"minecraft:spruce_log":5,"minecraft:light_gray_wool":2,"minecraft:black_bed":2,"minecraft:dark_prismarine_slab":1,"minecraft:oak_log":6,"minecraft:coal_ore":16,"minecraft:dirt":13,"minecraft:cobweb":10,"minecraft:spruce_fence_gate":1,"minecraft:stone_bricks":24,"minecraft:deepslate":9,"minecraft:warped_slab":1},"minecraft:picked_up":{"minecraft:charcoal":14,"minecraft:crafting_table":3,"minecraft:wheat":104,"minecraft:stone_slab":2,"minecraft:gold_block":3,"minecraft:chain":1,"minecraft:shield":1,"minecraft:string":10,"minecraft:red_bed":1,"minecraft:soul_soil":1,"minecraft:iron_leggings":1,"minecraft:cobbled_deepslate":12,"minecraft:stripped_warped_stem":1,"minecraft:spruce_planks":5,"minecraft:warped_slab":1,"minecraft:calcite":2,"minecraft:azalea":1,"minecraft:light_gray_wool":2,"minecraft:spruce_slab":1,"minecraft:sugar_cane":30,"minecraft:furnace":3,"minecraft:raw_iron":17,"minecraft:stick":2,"minecraft:sandstone":7,"minecraft:torch":2,"minecraft:spruce_stairs":1,"minecraft:polished_blackstone_bricks":1,"minecraft:stone_button":1,"minecraft:warped_planks":6,"minecraft:warped_door":1,"minecraft:arrow":52,"minecraft:diamond_chestplate":1,"minecraft:deepslate_bricks":1,"minecraft:hay_block":6,"minecraft:mutton":1,"minecraft:iron_bars":1,"minecraft:cobblestone":187,"minecraft:purple_dye":1,"minecraft:andesite":9,"minecraft:black_bed":2,"minecraft:smoker":1,"minecraft:smooth_sandstone_stairs":2,"minecraft:stripped_spruce_wood":4,"minecraft:oak_log":6,"minecraft:cobbled_deepslate_stairs":3,"minecraft:cobblestone_wall":2,"minecraft:dirt":17,"minecraft:lantern":3,"minecraft:bone":42,"minecraft:apple":2,"minecraft:stone_bricks":20,"minecraft:bow":2,"minecraft:wheat_seeds":284,"minecraft:grindstone":2,"minecraft:book":48,"minecraft:raw_iron_block":2,"minecraft:ink_sac":3,"minecraft:white_bed":1,"minecraft:spruce_log":5,"minecraft:barrel":1,"minecraft:dark_prismarine_slab":2,"minecraft:spruce_fence_gate":1,"minecraft:soul_lantern":1,"minecraft:polished_blackstone_pressure_plate":1,"minecraft:emerald":1,"minecraft:spruce_sign":7,"minecraft:bread":3,"minecraft:lodestone":1,"minecraft:oak_sapling":2,"minecraft:brown_banner":2,"minecraft:coal":16},"minecraft:broken":{"minecraft:stone_pickaxe":1},"minecraft:used":{"minecraft:stone_sword":53,"minecraft:spruce_planks":5,"minecraft:shield":40,"minecraft:iron_chestplate":3,"minecraft:torch":6,"minecraft:dirt":4,"minecraft:warped_door":1,"minecraft:lantern":1,"minecraft:iron_boots":1,"minecraft:stone_bricks":17,"minecraft:diamond_chestplate":2,"minecraft:light_gray_wool":2,"minecraft:bow":22,"minecraft:hay_block":1,"minecraft:furnace":2,"minecraft:cobbled_deepslate":11,"minecraft:iron_leggings":1,"minecraft:stone_pickaxe":131,"minecraft:wooden_pickaxe":18,"minecraft:spruce_sign":1,"minecraft:sugar_cane":1,"minecraft:dark_prismarine_slab":1,"minecraft:crafting_table":2,"minecraft:brown_banner":2,"minecraft:black_bed":2,"minecraft:warped_planks":5,"minecraft:cobbled_deepslate_stairs":2,"minecraft:spruce_log":5,"minecraft:bread":25,"minecraft:stone_button":1,"minecraft:iron_pickaxe":142,"minecraft:stone_axe":50,"minecraft:cobblestone":133,"minecraft:grindstone":1,"minecraft:andesite":3,"minecraft:chain":1},"minecraft:killed":{"minecraft:skeleton":20,"minecraft:squid":1,"minecraft:sheep":1},"minecraft:custom":{"minecraft:mob_kills":24,"minecraft:interact_with_crafting_table":11,"minecraft:open_barrel":49,"minecraft:time_since_death":65873,"minecraft:sprint_one_cm":150618,"minecraft:walk_one_cm":130562,"minecraft:damage_blocked_by_shield":2145,"minecraft:drop":48,"minecraft:play_time":65873,"minecraft:sneak_time":7283,"minecraft:walk_under_water_one_cm":972,"minecraft:jump":623,"minecraft:walk_on_water_one_cm":4724,"minecraft:total_world_time":65873,"minecraft:interact_with_furnace":21,"minecraft:interact_with_grindstone":3,"minecraft:sleep_in_bed":4,"minecraft:time_since_rest":574,"minecraft:damage_taken":1189,"minecraft:damage_dealt":1906,"minecraft:swim_one_cm":17392,"minecraft:fly_one_cm":68151,"minecraft:open_chest":40,"minecraft:crouch_one_cm":18529,"minecraft:interact_with_smoker":3,"minecraft:fall_one_cm":6493}},"DataVersion":3953}