{"stats":{"minecraft:crafted":{"minecraft:black_dye":1,"minecraft:oak_planks":68,"minecraft:cobblestone_slab":66,"minecraft:warped_planks":4,"minecraft:diamond_leggings":1,"minecraft:bow":2,"minecraft:chest":1,"minecraft:stone_hoe":1,"minecraft:arrow":784,"minecraft:emerald":52,"minecraft:crafting_table":2,"minecraft:spruce_planks":700,"minecraft:baked_potato":7,"minecraft:wooden_pickaxe":1,"minecraft:green_bed":7,"minecraft:spruce_trapdoor":4,"minecraft:iron_chestplate":1,"minecraft:stick":1324,"minecraft:iron_ingot":12,"minecraft:iron_pickaxe":2,"minecraft:stone_sword":3,"minecraft:black_bed":1,"minecraft:spruce_fence_gate":1,"minecraft:shears":1,"minecraft:furnace":1,"minecraft:bone_meal":177,"minecraft:stone_pickaxe":2,"minecraft:crossbow":1,"minecraft:stone_axe":2,"minecraft:air":0,"minecraft:torch":4},"minecraft:custom":{"minecraft:interact_with_crafting_table":30,"minecraft:open_barrel":53,"minecraft:bell_ring":13,"minecraft:leave_game":2,"minecraft:time_since_death":370623,"minecraft:sprint_one_cm":908050,"minecraft:damage_blocked_by_shield":2520,"minecraft:drop":237,"minecraft:talked_to_villager":73,"minecraft:play_time":370623,"minecraft:jump":6206,"minecraft:walk_on_water_one_cm":19055,"minecraft:interact_with_furnace":55,"minecraft:traded_with_villager":102,"minecraft:sleep_in_bed":16,"minecraft:damage_dealt":12298,"minecraft:crouch_one_cm":106625,"minecraft:interact_with_smoker":3,"minecraft:mob_kills":72,"minecraft:interact_with_anvil":22,"minecraft:walk_one_cm":599710,"minecraft:sneak_time":39300,"minecraft:walk_under_water_one_cm":7135,"minecraft:interact_with_blast_furnace":3,"minecraft:total_world_time":370623,"minecraft:interact_with_grindstone":10,"minecraft:time_since_rest":890,"minecraft:damage_taken":2730,"minecraft:swim_one_cm":41967,"minecraft:fly_one_cm":996060,"minecraft:open_chest":245,"minecraft:fall_one_cm":118597},"minecraft:picked_up":{"minecraft:wheat":104,"minecraft:suspicious_stew":3,"minecraft:diamond_sword":1,"minecraft:stone_slab":2,"minecraft:oak_stairs":2,"minecraft:string":13,"minecraft:soul_soil":1,"minecraft:iron_leggings":1,"minecraft:sea_pickle":2,"minecraft:cobbled_deepslate":13,"minecraft:bucket":2,"minecraft:spruce_planks":5,"minecraft:cobblestone_slab":3,"minecraft:warped_slab":1,"minecraft:calcite":2,"minecraft:azalea":1,"minecraft:iron_pickaxe":2,"minecraft:furnace":4,"minecraft:stick":390,"minecraft:composter":1,"minecraft:oak_fence":3,"minecraft:green_bed":6,"minecraft:torch":5,"minecraft:spruce_stairs":1,"minecraft:diorite":20,"minecraft:warped_planks":6,"minecraft:warped_door":1,"minecraft:stone_sword":1,"minecraft:rotten_flesh":6,"minecraft:green_wool":21,"minecraft:iron_bars":1,"minecraft:cobblestone":395,"minecraft:andesite":15,"minecraft:black_bed":5,"minecraft:green_concrete_powder":1,"minecraft:smoker":1,"minecraft:flint":282,"minecraft:stripped_spruce_wood":4,"minecraft:smooth_sandstone_stairs":2,"minecraft:dirt":79,"minecraft:lantern":5,"minecraft:bone":53,"minecraft:bow":2,"minecraft:wheat_seeds":288,"minecraft:grindstone":2,"minecraft:diamond_helmet":1,"minecraft:fletching_table":4,"minecraft:oak_planks":7,"minecraft:oak_pressure_plate":2,"minecraft:stripped_spruce_log":3,"minecraft:ink_sac":3,"minecraft:barrel":1,"minecraft:dark_prismarine_slab":2,"minecraft:spruce_fence_gate":1,"minecraft:green_concrete":2,"minecraft:diamond":1,"minecraft:polished_blackstone_pressure_plate":1,"minecraft:soul_lantern":1,"minecraft:crossbow":2,"minecraft:bone_meal":27,"minecraft:spruce_sign":8,"minecraft:bread":3,"minecraft:emerald":18,"minecraft:oak_sapling":2,"minecraft:diamond_pickaxe":10,"minecraft:charcoal":35,"minecraft:crafting_table":8,"minecraft:azure_bluet":1,"minecraft:ominous_bottle":1,"minecraft:gold_block":3,"minecraft:chain":1,"minecraft:shield":1,"minecraft:red_bed":1,"minecraft:stripped_warped_stem":1,"minecraft:poppy":1,"minecraft:spruce_slab":1,"minecraft:light_gray_wool":2,"minecraft:sugar_cane":43,"minecraft:spruce_trapdoor":3,"minecraft:raw_iron":106,"minecraft:sandstone":7,"minecraft:bowl":2,"minecraft:polished_blackstone_bricks":1,"minecraft:stone_button":1,"minecraft:carrot":9,"minecraft:arrow":62,"minecraft:diamond_chestplate":1,"minecraft:pumpkin_pie":64,"minecraft:diamond_boots":2,"minecraft:deepslate_bricks":1,"minecraft:hay_block":91,"minecraft:mutton":1,"minecraft:white_wool":12,"minecraft:purple_dye":1,"minecraft:golden_carrot":304,"minecraft:oak_log":17,"minecraft:gunpowder":3,"minecraft:cobbled_deepslate_stairs":3,"minecraft:cobblestone_wall":2,"minecraft:white_banner":1,"minecraft:apple":2,"minecraft:stone_bricks":20,"minecraft:iron_ingot":4,"minecraft:book":60,"minecraft:raw_iron_block":2,"minecraft:lava_bucket":1,"minecraft:gravel":1,"minecraft:spruce_sapling":857,"minecraft:white_bed":1,"minecraft:spruce_log":5404,"minecraft:spider_eye":1,"minecraft:diamond_shovel":1,"minecraft:diamond_axe":3,"minecraft:lodestone":1,"minecraft:brown_banner":2,"minecraft:coal":469},"minecraft:dropped":{"minecraft:spruce_sign":6,"minecraft:diamond_axe":2,"minecraft:oak_pressure_plate":1,"minecraft:baked_potato":5,"minecraft:diamond":1,"minecraft:lantern":2,"minecraft:emerald":30,"minecraft:flint":22,"minecraft:gold_block":3,"minecraft:dirt":13,"minecraft:pumpkin_pie":60,"minecraft:bone_meal":78,"minecraft:polished_blackstone_bricks":1,"minecraft:iron_pickaxe":2,"minecraft:gold_ingot":6,"minecraft:bone":2,"minecraft:stone_axe":2,"minecraft:cobbled_deepslate":3,"minecraft:wheat":104,"minecraft:soul_lantern":1,"minecraft:rotten_flesh":6,"minecraft:oak_planks":14,"minecraft:diamond_shovel":1,"minecraft:azure_bluet":1,"minecraft:white_bed":1,"minecraft:carrot":53,"minecraft:warped_planks":3,"minecraft:poppy":1,"minecraft:gunpowder":2,"minecraft:charcoal":21,"minecraft:iron_bars":1,"minecraft:iron_ingot":10,"minecraft:wheat_seeds":288,"minecraft:cobbled_deepslate_stairs":1,"minecraft:oak_fence":2,"minecraft:iron_helmet":2,"minecraft:cobblestone":161,"minecraft:apple":2,"minecraft:coal":456,"minecraft:stick":307,"minecraft:diorite":15,"minecraft:lodestone":1,"minecraft:iron_leggings":2,"minecraft:oak_stairs":2,"minecraft:raw_iron_block":2,"minecraft:string":1,"minecraft:bucket":1,"minecraft:spruce_sapling":64,"minecraft:soul_soil":1,"minecraft:stone_sword":2,"minecraft:bowl":8,"minecraft:raw_iron":85,"minecraft:iron_boots":1,"minecraft:green_concrete":2,"minecraft:stone_slab":2,"minecraft:hay_block":61,"minecraft:diamond_chestplate":1,"minecraft:spruce_planks":4,"minecraft:iron_chestplate":2,"minecraft:diamond_pickaxe":8,"minecraft:andesite":6,"minecraft:oak_sapling":1,"minecraft:spider_eye":1,"minecraft:spruce_log":5214,"minecraft:sandstone":2,"minecraft:stone_pickaxe":1,"minecraft:wooden_pickaxe":1,"minecraft:calcite":2,"minecraft:green_concrete_powder":1},"minecraft:broken":{"minecraft:stone_pickaxe":1,"minecraft:shield":1,"minecraft:iron_pickaxe":2},"minecraft:used":{"minecraft:chest":1,"minecraft:shield":49,"minecraft:zombie_spawn_egg":1,"minecraft:bell":1,"minecraft:iron_chestplate":3,"minecraft:carrot":84,"minecraft:lantern":2,"minecraft:iron_helmet":1,"minecraft:stone_bricks":17,"minecraft:bow":36,"minecraft:hay_block":1,"minecraft:ominous_bottle":1,"minecraft:furnace":3,"minecraft:diorite":5,"minecraft:diamond_boots":1,"minecraft:stone_pickaxe":131,"minecraft:oak_planks":3,"minecraft:wooden_pickaxe":18,"minecraft:composter":3,"minecraft:diamond_axe":5210,"minecraft:sugar_cane":1,"minecraft:white_wool":2,"minecraft:black_bed":6,"minecraft:shears":27,"minecraft:cobbled_deepslate_stairs":2,"minecraft:bread":66,"minecraft:stone_button":1,"minecraft:oak_pressure_plate":1,"minecraft:gravel":1,"minecraft:diamond_sword":121,"minecraft:grindstone":1,"minecraft:andesite":5,"minecraft:chain":1,"minecraft:bone_meal":112,"minecraft:oak_fence":1,"minecraft:stone_sword":78,"minecraft:spruce_planks":9,"minecraft:stone_hoe":113,"minecraft:torch":25,"minecraft:dirt":147,"minecraft:diamond_helmet":1,"minecraft:warped_door":1,"minecraft:iron_boots":1,"minecraft:light_gray_wool":2,"minecraft:diamond_chestplate":2,"minecraft:golden_carrot":12,"minecraft:cobbled_deepslate":11,"minecraft:iron_leggings":1,"minecraft:water_bucket":28,"minecraft:baked_potato":2,"minecraft:spruce_sign":2,"minecraft:fletching_table":3,"minecraft:spruce_fence_gate":1,"minecraft:green_bed":9,"minecraft:cobblestone_slab":67,"minecraft:dark_prismarine_slab":1,"minecraft:crafting_table":9,"minecraft:brown_banner":2,"minecraft:warped_planks":5,"minecraft:spruce_log":18,"minecraft:diamond_pickaxe":43,"minecraft:diamond_shovel":649,"minecraft:suspicious_stew":6,"minecraft:iron_pickaxe":733,"minecraft:spruce_trapdoor":6,"minecraft:spruce_sapling":269,"minecraft:stone_axe":60,"minecraft:cobblestone":325,"minecraft:white_banner":1,"minecraft:bucket":28,"minecraft:pumpkin_pie":4,"minecraft:sea_pickle":2,"minecraft:splash_potion":2},"minecraft:mined":{"minecraft:stripped_warped_stem":1,"minecraft:spruce_planks":5,"minecraft:white_bed":1,"minecraft:cobbled_deepslate_stairs":3,"minecraft:spruce_trapdoor":3,"minecraft:grass_block":3,"minecraft:oak_pressure_plate":2,"minecraft:soul_soil":1,"minecraft:deepslate_bricks":1,"minecraft:green_concrete":3,"minecraft:polished_blackstone_pressure_plate":1,"minecraft:spawner":10,"minecraft:polished_blackstone_bricks":1,"minecraft:raw_iron_block":2,"minecraft:iron_ore":85,"minecraft:cobbled_deepslate":2,"minecraft:barrel":1,"minecraft:fletching_table":3,"minecraft:dirt_path":1,"minecraft:iron_bars":1,"minecraft:oak_stairs":2,"minecraft:smooth_sandstone_stairs":1,"minecraft:green_bed":5,"minecraft:red_bed":1,"minecraft:smoker":1,"visualworkbench:minecraft/crafting_table":8,"minecraft:torch":1,"minecraft:calcite":2,"minecraft:green_concrete_powder":1,"minecraft:cobblestone":41,"minecraft:grindstone":2,"minecraft:sugar_cane":16,"minecraft:oak_planks":6,"minecraft:wall_torch":2,"minecraft:chain":1,"minecraft:warped_planks":6,"minecraft:wheat":107,"minecraft:light_gray_wool":2,"minecraft:black_bed":5,"minecraft:oak_log":17,"minecraft:dirt":81,"minecraft:oak_leaves":3,"minecraft:deepslate":18,"minecraft:tuff":5,"minecraft:deepslate_diamond_ore":1,"minecraft:spruce_leaves":47,"minecraft:large_fern":3,"minecraft:hay_block":90,"minecraft:furnace":4,"minecraft:andesite":18,"minecraft:stripped_spruce_log":3,"minecraft:gold_block":3,"minecraft:bookshelf":20,"minecraft:cobblestone_slab":2,"minecraft:deepslate_iron_ore":22,"minecraft:stone":233,"minecraft:white_wool":5,"minecraft:green_wool":22,"minecraft:glass_pane":2,"minecraft:oak_fence":2,"minecraft:smooth_sandstone":6,"minecraft:short_grass":28,"minecraft:emerald_ore":17,"minecraft:andesite_slab":1,"minecraft:campfire":7,"minecraft:stone_slab":1,"minecraft:diorite":15,"minecraft:spruce_stairs":1,"minecraft:stripped_spruce_wood":1,"minecraft:cobblestone_wall":2,"minecraft:spruce_log":5172,"minecraft:dark_prismarine_slab":1,"minecraft:coal_ore":387,"minecraft:gravel":643,"minecraft:cobweb":10,"minecraft:spruce_fence_gate":1,"minecraft:stone_bricks":24,"minecraft:warped_slab":1},"minecraft:killed":{"minecraft:spider":3,"minecraft:skeleton":29,"minecraft:zombie_villager":1,"minecraft:iron_golem":1,"minecraft:creeper":7,"minecraft:sheep":1,"minecraft:pillager":5,"minecraft:zombie":22,"minecraft:squid":1}},"DataVersion":3953}