{"stats":{"minecraft:dropped":{"minecraft:spruce_sign":6,"minecraft:iron_ingot":1,"minecraft:wheat_seeds":4,"minecraft:stone_sword":1,"minecraft:raw_iron":10,"minecraft:oak_planks":12,"minecraft:lantern":1,"minecraft:stone_slab":2,"minecraft:white_bed":1,"minecraft:emerald":3,"minecraft:gold_block":3,"minecraft:dirt":13,"minecraft:andesite":1,"minecraft:oak_sapling":1,"minecraft:polished_blackstone_bricks":1,"minecraft:raw_iron_block":2,"minecraft:wooden_pickaxe":1,"minecraft:stone_pickaxe":1},"minecraft:crafted":{"minecraft:black_dye":1,"minecraft:oak_planks":24,"minecraft:crafting_table":1,"minecraft:wooden_pickaxe":1,"minecraft:furnace":1,"minecraft:stone_axe":1,"minecraft:air":0,"minecraft:iron_chestplate":1,"minecraft:stick":12,"minecraft:iron_ingot":4,"minecraft:iron_pickaxe":1,"minecraft:stone_pickaxe":2,"minecraft:stone_sword":2,"minecraft:black_bed":1,"minecraft:torch":4},"minecraft:mined":{"minecraft:white_bed":1,"minecraft:red_bed":1,"visualworkbench:minecraft/crafting_table":2,"minecraft:short_grass":16,"minecraft:grass_block":2,"minecraft:andesite_slab":1,"minecraft:campfire":6,"minecraft:stone_slab":1,"minecraft:spruce_leaves":4,"minecraft:sugar_cane":12,"minecraft:wall_torch":2,"minecraft:large_fern":3,"minecraft:polished_blackstone_bricks":1,"minecraft:raw_iron_block":2,"minecraft:furnace":1,"minecraft:iron_ore":17,"minecraft:spruce_log":5,"minecraft:andesite":7,"minecraft:gold_block":3,"minecraft:coal_ore":16,"minecraft:oak_log":6,"minecraft:dirt":13,"minecraft:stone":141},"minecraft:picked_up":{"minecraft:charcoal":12,"minecraft:crafting_table":2,"minecraft:purple_dye":1,"minecraft:andesite":5,"minecraft:stone_slab":2,"minecraft:gold_block":3,"minecraft:oak_log":6,"minecraft:shield":1,"minecraft:dirt":17,"minecraft:red_bed":1,"minecraft:lantern":1,"minecraft:wheat_seeds":4,"minecraft:sugar_cane":30,"minecraft:furnace":1,"minecraft:stick":2,"minecraft:raw_iron":17,"minecraft:torch":2,"minecraft:raw_iron_block":2,"minecraft:polished_blackstone_bricks":1,"minecraft:ink_sac":3,"minecraft:white_bed":1,"minecraft:spruce_log":5,"minecraft:spruce_sign":6,"minecraft:emerald":1,"minecraft:oak_sapling":1,"minecraft:coal":16,"minecraft:cobblestone":133},"minecraft:broken":{"minecraft:stone_pickaxe":1},"minecraft:used":{"minecraft:stone_sword":3,"minecraft:stone_pickaxe":131,"minecraft:wooden_pickaxe":18,"minecraft:sugar_cane":1,"minecraft:iron_chestplate":1,"minecraft:torch":3,"minecraft:dirt":4,"minecraft:crafting_table":1,"minecraft:spruce_log":5,"minecraft:bread":1,"minecraft:iron_pickaxe":45,"minecraft:stone_axe":14,"minecraft:furnace":1},"minecraft:killed":{"minecraft:squid":1,"minecraft:sheep":1},"minecraft:custom":{"minecraft:interact_with_furnace":11,"minecraft:mob_kills":2,"minecraft:interact_with_crafting_table":10,"minecraft:open_barrel":11,"minecraft:time_since_death":29873,"minecraft:sleep_in_bed":1,"minecraft:time_since_rest":5649,"minecraft:sprint_one_cm":81819,"minecraft:damage_taken":10,"minecraft:walk_one_cm":42581,"minecraft:drop":28,"minecraft:damage_dealt":140,"minecraft:swim_one_cm":6481,"minecraft:fly_one_cm":40703,"minecraft:open_chest":10,"minecraft:crouch_one_cm":5475,"minecraft:play_time":29873,"minecraft:sneak_time":2550,"minecraft:walk_under_water_one_cm":762,"minecraft:jump":307,"minecraft:walk_on_water_one_cm":3127,"minecraft:total_world_time":29873,"minecraft:fall_one_cm":1734}},"DataVersion":3953}