{"stats":{"minecraft:used":{"minecraft:wheat_seeds":9,"minecraft:water_bucket":1,"minecraft:wooden_hoe":9,"minecraft:cow_spawn_egg":2,"minecraft:pig_spawn_egg":1,"minecraft:ladder":3,"minecraft:chest":1,"minecraft:sheep_spawn_egg":1,"minecraft:wooden_shovel":11,"minecraft:torch":3,"minecraft:dirt":104,"minecraft:sweet_berries":1,"minecraft:crafting_table":1,"minecraft:oak_sapling":5,"minecraft:carrot":1,"minecraft:egg":1},"minecraft:mined":{"minecraft:oak_sapling":6,"minecraft:wheat":1,"minecraft:sweet_berry_bush":1,"minecraft:crafting_table":1,"minecraft:torch":3,"minecraft:oak_log":2,"minecraft:grass_block":9,"minecraft:dirt":22},"minecraft:picked_up":{"minecraft:crafting_table":1,"minecraft:torch":3,"minecraft:oak_log":2,"minecraft:dirt":30,"minecraft:wheat_seeds":1,"minecraft:wooden_shovel":1,"minecraft:oak_sapling":6,"minecraft:chest":4},"minecraft:crafted":{"minecraft:oak_planks":8,"minecraft:wooden_hoe":1,"minecraft:ladder":3,"minecraft:stick":12},"minecraft:dropped":{"minecraft:wooden_shovel":3},"minecraft:custom":{"minecraft:time_since_rest":23020,"minecraft:damage_taken":690,"minecraft:sprint_one_cm":2818,"minecraft:walk_one_cm":48178,"minecraft:drop":3,"minecraft:interact_with_crafting_table":7,"minecraft:fly_one_cm":3062,"minecraft:open_chest":95,"minecraft:crouch_one_cm":22421,"minecraft:play_time":41888,"minecraft:deaths":2,"minecraft:sneak_time":6033,"minecraft:walk_under_water_one_cm":824,"minecraft:jump":244,"minecraft:leave_game":1,"minecraft:time_since_death":22994,"minecraft:walk_on_water_one_cm":89,"minecraft:climb_one_cm":2163,"minecraft:total_world_time":41971,"minecraft:fall_one_cm":5558}},"DataVersion":3465}