{"stats":{"minecraft:killed_by":{"minecraft:zombie":1,"minecraft:skeleton":4},"minecraft:custom":{"minecraft:interact_with_crafting_table":53,"minecraft:open_barrel":64,"minecraft:time_since_death":148854,"minecraft:sprint_one_cm":353576,"minecraft:damage_blocked_by_shield":1549,"minecraft:drop":140,"minecraft:talked_to_villager":6,"minecraft:play_time":228218,"minecraft:deaths":5,"minecraft:jump":3228,"minecraft:walk_on_water_one_cm":13744,"minecraft:interact_with_furnace":29,"minecraft:traded_with_villager":1,"minecraft:interact_with_loom":1,"minecraft:sleep_in_bed":14,"minecraft:damage_dealt":11441,"minecraft:crouch_one_cm":7472,"minecraft:interact_with_smoker":72,"minecraft:mob_kills":81,"minecraft:interact_with_anvil":7,"minecraft:interact_with_campfire":7,"minecraft:walk_one_cm":573084,"minecraft:sneak_time":7641,"minecraft:walk_under_water_one_cm":15019,"minecraft:boat_one_cm":136488,"minecraft:interact_with_lectern":3,"minecraft:interact_with_blast_furnace":14,"minecraft:total_world_time":228218,"minecraft:pot_flower":1,"minecraft:interact_with_grindstone":5,"minecraft:interact_with_stonecutter":3,"minecraft:time_since_rest":38543,"minecraft:damage_taken":3186,"minecraft:swim_one_cm":31755,"minecraft:fly_one_cm":849344,"minecraft:open_chest":92,"minecraft:fall_one_cm":82610},"minecraft:crafted":{"minecraft:oak_planks":148,"minecraft:cactus":1,"minecraft:cooked_chicken":2,"minecraft:cherry_boat":1,"minecraft:cooked_mutton":1,"minecraft:warped_planks":4,"minecraft:bow":1,"minecraft:iron_boots":2,"more_bows_and_arrows:diamond_bow":1,"minecraft:chest":2,"minecraft:smoker":1,"minecraft:crafting_table":7,"minecraft:wooden_pickaxe":1,"minecraft:baked_potato":113,"minecraft:iron_helmet":1,"minecraft:light_gray_bed":1,"minecraft:iron_chestplate":2,"minecraft:shield":4,"minecraft:stick":56,"minecraft:iron_ingot":50,"minecraft:iron_pickaxe":7,"minecraft:stone_sword":1,"minecraft:gold_ingot":9,"minecraft:black_bed":1,"minecraft:light_gray_dye":3,"minecraft:cherry_planks":96,"minecraft:wooden_sword":1,"minecraft:furnace":2,"more_bows_and_arrows:emerald_bow":1,"minecraft:iron_axe":2,"minecraft:stone_pickaxe":1,"minecraft:cooked_beef":71,"minecraft:coal_block":33,"minecraft:bucket":2,"minecraft:stone_axe":3,"minecraft:air":0,"minecraft:oak_boat":1,"minecraft:golden_apple":3,"minecraft:iron_leggings":1,"minecraft:white_bed":1,"more_bows_and_arrows:gold_bow":1,"minecraft:torch":200},"minecraft:mined":{"minecraft:stripped_warped_stem":1,"minecraft:spruce_planks":3,"minecraft:cobbled_deepslate_stairs":1,"minecraft:andesite_stairs":2,"minecraft:cherry_log":13,"minecraft:budding_amethyst":5,"minecraft:grass_block":11,"minecraft:light_gray_bed":1,"minecraft:purple_stained_glass_pane":1,"minecraft:coal_block":1,"minecraft:soul_soil":2,"minecraft:polished_blackstone_brick_slab":1,"minecraft:stripped_warped_hyphae":1,"minecraft:oxeye_daisy":1,"minecraft:spawner":18,"minecraft:polished_blackstone_bricks":1,"minecraft:fire":2,"minecraft:iron_ore":68,"minecraft:barrel":1,"minecraft:deepslate_lapis_ore":3,"minecraft:azure_bluet":2,"minecraft:spruce_pressure_plate":2,"minecraft:smooth_sandstone_stairs":8,"easyanvils:minecraft/anvil":3,"minecraft:spruce_slab":6,"minecraft:deepslate_redstone_ore":7,"minecraft:smoker":4,"minecraft:amethyst_cluster":2,"visualworkbench:minecraft/crafting_table":2,"minecraft:torch":3,"minecraft:blast_furnace":5,"minecraft:calcite":5,"minecraft:chest":1,"minecraft:white_stained_glass_pane":1,"minecraft:cobblestone":8,"minecraft:grindstone":1,"minecraft:oak_planks":17,"minecraft:wall_torch":2,"minecraft:amethyst_block":5,"minecraft:dark_oak_slab":3,"minecraft:warped_planks":19,"minecraft:black_bed":10,"minecraft:orange_tulip":1,"minecraft:oak_log":43,"minecraft:loom":1,"minecraft:dirt":8,"minecraft:stonecutter":1,"minecraft:oak_leaves":14,"minecraft:deepslate":10,"minecraft:dark_prismarine":1,"minecraft:mossy_cobblestone":1,"minecraft:sea_lantern":1,"minecraft:moss_block":2,"minecraft:kelp":1,"minecraft:sandstone":1,"minecraft:hay_block":6,"minecraft:diorite_slab":1,"minecraft:redstone_ore":1,"minecraft:packed_mud":1,"minecraft:furnace":4,"minecraft:andesite":3,"minecraft:black_concrete":1,"minecraft:gold_block":1,"minecraft:mossy_stone_brick_stairs":1,"minecraft:bookshelf":16,"minecraft:potatoes":4,"minecraft:deepslate_iron_ore":28,"minecraft:vine":1,"minecraft:lantern":1,"minecraft:packed_ice":2,"minecraft:stone":136,"minecraft:birch_pressure_plate":1,"minecraft:oak_slab":2,"minecraft:hanging_roots":1,"minecraft:stripped_dark_oak_log":1,"minecraft:smooth_sandstone":11,"minecraft:spruce_button":2,"minecraft:short_grass":16,"minecraft:emerald_ore":24,"minecraft:lectern":1,"minecraft:copper_ore":1,"minecraft:tall_grass":2,"minecraft:deepslate_coal_ore":4,"minecraft:deepslate_gold_ore":15,"minecraft:lily_pad":1,"minecraft:diorite":2,"minecraft:spruce_stairs":7,"minecraft:stripped_spruce_wood":11,"minecraft:sea_pickle":3,"minecraft:black_wool":3,"minecraft:coal_ore":265,"minecraft:ochre_froglight":5,"minecraft:cherry_leaves":1,"minecraft:flower_pot":1,"minecraft:gray_carpet":4,"minecraft:lodestone":1,"minecraft:cobweb":13,"minecraft:stone_bricks":5,"minecraft:gold_ore":2},"minecraft:picked_up":{"minecraft:black_carpet":1,"minecraft:anvil":4,"minecraft:flower_pot":1,"minecraft:lead":2,"minecraft:diamond_sword":1,"minecraft:golden_shovel":4,"minecraft:stone_brick_stairs":1,"minecraft:amethyst_block":2,"minecraft:string":44,"minecraft:soul_soil":1,"minecraft:raw_copper":3,"minecraft:sea_pickle":30,"minecraft:smooth_stone":2,"minecraft:cobbled_deepslate":10,"minecraft:spruce_planks":2,"minecraft:calcite":5,"minecraft:iron_pickaxe":5,"minecraft:enchanted_golden_apple":2,"minecraft:coal_block":1,"minecraft:furnace":7,"minecraft:golden_helmet":2,"minecraft:spruce_pressure_plate":2,"minecraft:polished_blackstone_brick_slab":1,"minecraft:stick":116,"minecraft:torch":48,"minecraft:spruce_stairs":2,"minecraft:porkchop":17,"minecraft:cherry_log":24,"minecraft:diorite":2,"minecraft:warped_planks":11,"minecraft:golden_chestplate":3,"minecraft:stone_sword":1,"minecraft:cactus":1,"minecraft:light_gray_bed":3,"minecraft:rotten_flesh":12,"minecraft:iron_bars":1,"minecraft:cobblestone":479,"minecraft:feather":10,"minecraft:cooked_beef":205,"minecraft:andesite":3,"minecraft:black_bed":12,"minecraft:brown_wool":2,"minecraft:smoker":9,"minecraft:potato":171,"minecraft:stripped_spruce_wood":10,"minecraft:smooth_sandstone_stairs":8,"minecraft:dirt":11,"minecraft:lapis_lazuli":80,"minecraft:lantern":2,"minecraft:bone":128,"minecraft:stonecutter":4,"minecraft:bow":7,"minecraft:wheat_seeds":6,"minecraft:orange_tulip":1,"minecraft:raw_gold":38,"minecraft:grindstone":1,"minecraft:oak_planks":387,"minecraft:mossy_stone_brick_stairs":2,"minecraft:cooked_porkchop":23,"minecraft:loom":1,"minecraft:barrel":1,"minecraft:mossy_cobblestone":1,"minecraft:dark_prismarine":1,"minecraft:black_concrete_powder":1,"minecraft:diamond":6,"minecraft:black_concrete":1,"minecraft:soul_lantern":2,"minecraft:polished_blackstone_button":2,"minecraft:bread":108,"minecraft:spruce_button":2,"minecraft:emerald":129,"minecraft:oak_sapling":24,"minecraft:diamond_pickaxe":1,"minecraft:charcoal":2,"minecraft:crafting_table":8,"minecraft:allium":2,"minecraft:azure_bluet":4,"minecraft:chicken":2,"minecraft:stripped_warped_hyphae":1,"minecraft:brown_mushroom":2,"minecraft:gold_block":1,"minecraft:diorite_slab":1,"minecraft:shield":7,"minecraft:moss_carpet":1,"minecraft:stripped_warped_stem":2,"minecraft:beef":79,"minecraft:andesite_stairs":1,"minecraft:oak_boat":3,"minecraft:poppy":2,"minecraft:spruce_slab":3,"minecraft:lectern":1,"minecraft:sugar_cane":58,"minecraft:egg":1,"minecraft:raw_iron":307,"minecraft:sandstone":12,"minecraft:polished_blackstone_bricks":1,"minecraft:carrot":10,"minecraft:redstone":42,"minecraft:prismarine_crystals":5,"minecraft:arrow":98,"minecraft:hay_block":17,"minecraft:black_banner":1,"minecraft:gold_ingot":13,"minecraft:mutton":22,"minecraft:white_wool":10,"minecraft:oxeye_daisy":1,"minecraft:leather":97,"minecraft:ochre_froglight":5,"minecraft:oak_log":60,"minecraft:lily_pad":1,"minecraft:cobbled_deepslate_stairs":1,"minecraft:gunpowder":3,"minecraft:birch_pressure_plate":1,"minecraft:cooked_mutton":30,"minecraft:kelp":1,"minecraft:apple":108,"minecraft:stone_bricks":6,"minecraft:gray_carpet":4,"minecraft:iron_ingot":41,"minecraft:iron_sword":4,"minecraft:book":38,"minecraft:oak_slab":3,"minecraft:dark_oak_slab":6,"minecraft:amethyst_shard":118,"minecraft:blast_furnace":5,"minecraft:diamond_shovel":4,"minecraft:stone_axe":6,"minecraft:iron_helmet":1,"minecraft:cherry_sapling":21,"minecraft:gray_wool":2,"minecraft:lodestone":2,"minecraft:black_wool":3,"minecraft:stripped_dark_oak_log":1,"minecraft:coal":945},"minecraft:killed":{"minecraft:spider":1,"minecraft:skeleton":8,"minecraft:chicken":2,"minecraft:pig":6,"minecraft:zombie_villager":1,"minecraft:iron_golem":1,"minecraft:sheep":11,"minecraft:trader_llama":2,"minecraft:zombie":6,"minecraft:cow":34,"minecraft:horse":3,"minecraft:llama":1,"minecraft:drowned":2,"minecraft:wandering_trader":1,"minecraft:enderman":1},"minecraft:dropped":{"minecraft:iron_sword":5,"minecraft:porkchop":8,"minecraft:lapis_lazuli":76,"minecraft:oak_log":17,"minecraft:baked_potato":29,"minecraft:dark_oak_slab":2,"minecraft:lantern":1,"minecraft:mossy_stone_brick_stairs":2,"minecraft:black_banner":1,"minecraft:dirt":1,"minecraft:mutton":14,"minecraft:wooden_sword":1,"minecraft:amethyst_shard":4,"minecraft:iron_pickaxe":1,"minecraft:black_concrete":1,"minecraft:white_wool":2,"more_bows_and_arrows:emerald_bow":1,"minecraft:gold_ingot":2,"minecraft:bone":88,"minecraft:cherry_boat":1,"minecraft:golden_chestplate":2,"minecraft:cobbled_deepslate":1,"minecraft:black_carpet":1,"minecraft:rotten_flesh":11,"minecraft:oak_planks":45,"minecraft:diamond_shovel":6,"minecraft:cooked_mutton":31,"minecraft:warped_planks":1,"minecraft:spruce_slab":2,"minecraft:arrow":24,"minecraft:beef":3,"minecraft:bread":33,"minecraft:wheat_seeds":6,"minecraft:golden_helmet":1,"minecraft:feather":2,"minecraft:iron_helmet":2,"minecraft:cobblestone":100,"minecraft:book":31,"minecraft:amethyst_block":2,"minecraft:polished_blackstone_button":2,"minecraft:coal":86,"minecraft:stick":62,"minecraft:lodestone":2,"minecraft:diamond_helmet":1,"minecraft:iron_leggings":1,"minecraft:cactus":2,"minecraft:smooth_stone":2,"minecraft:string":12,"minecraft:bucket":1,"minecraft:redstone":42,"minecraft:furnace":3,"minecraft:kelp":1,"minecraft:stone_sword":1,"minecraft:raw_copper":3,"minecraft:iron_boots":2,"minecraft:diamond_sword":1,"minecraft:potato":32,"minecraft:hay_block":3,"minecraft:shield":4,"minecraft:sea_pickle":6,"minecraft:black_concrete_powder":1,"minecraft:iron_chestplate":1,"minecraft:diamond_pickaxe":1,"minecraft:andesite":1,"minecraft:light_gray_bed":1,"minecraft:oak_boat":1,"minecraft:oak_sapling":23,"minecraft:light_gray_dye":2,"minecraft:bow":5,"minecraft:stone_pickaxe":1,"minecraft:wooden_pickaxe":1},"minecraft:used":{"minecraft:moss_carpet":1,"minecraft:spruce_slab":1,"minecraft:poppy":2,"minecraft:chest":2,"minecraft:shield":29,"minecraft:iron_sword":98,"minecraft:smooth_sandstone_stairs":1,"minecraft:iron_chestplate":1,"minecraft:birch_pressure_plate":1,"minecraft:allium":1,"minecraft:azure_bluet":2,"minecraft:lantern":1,"minecraft:dark_oak_slab":2,"minecraft:stone_bricks":1,"minecraft:bow":2,"minecraft:hay_block":3,"minecraft:oak_sapling":1,"minecraft:furnace":1,"minecraft:egg":1,"minecraft:stripped_spruce_wood":10,"minecraft:diorite":2,"minecraft:stone_pickaxe":124,"minecraft:gray_carpet":4,"minecraft:oak_planks":54,"minecraft:orange_tulip":1,"minecraft:wooden_pickaxe":3,"minecraft:sandstone":3,"minecraft:white_wool":3,"minecraft:loom":1,"minecraft:blast_furnace":3,"minecraft:ochre_froglight":5,"minecraft:black_bed":10,"more_bows_and_arrows:diamond_bow":2,"minecraft:string":2,"minecraft:brown_wool":2,"minecraft:lectern":1,"minecraft:soul_lantern":2,"minecraft:fire_charge":1,"minecraft:wooden_sword":4,"minecraft:grindstone":1,"minecraft:andesite":2,"minecraft:diorite_slab":1,"minecraft:polished_blackstone_brick_slab":1,"minecraft:stone_sword":17,"minecraft:stripped_warped_stem":1,"minecraft:spruce_planks":2,"minecraft:cooked_chicken":2,"minecraft:torch":214,"minecraft:dirt":10,"minecraft:anvil":3,"minecraft:spruce_stairs":2,"minecraft:iron_axe":108,"minecraft:barrel":1,"minecraft:cooked_beef":18,"minecraft:cobbled_deepslate":8,"minecraft:light_gray_bed":3,"minecraft:calcite":5,"minecraft:water_bucket":5,"minecraft:baked_potato":20,"minecraft:brown_mushroom":2,"minecraft:polished_blackstone_bricks":1,"minecraft:mossy_cobblestone":1,"minecraft:stripped_dark_oak_log":1,"minecraft:crafting_table":10,"minecraft:oak_slab":3,"minecraft:smoker":5,"minecraft:warped_planks":6,"minecraft:dark_prismarine":1,"minecraft:flower_pot":1,"minecraft:diamond_pickaxe":124,"minecraft:iron_pickaxe":433,"minecraft:spruce_pressure_plate":1,"minecraft:stone_axe":104,"minecraft:cobblestone":57,"minecraft:andesite_stairs":1,"minecraft:bucket":6,"minecraft:sea_pickle":6,"minecraft:gray_wool":2,"minecraft:diamond_leggings":1}},"DataVersion":3953}