{"stats":{"minecraft:mined":{"minecraft:diamond_ore":5,"minecraft:deepslate_tiles":20,"minecraft:tuff":35,"minecraft:deepslate_diamond_ore":1,"minecraft:dark_oak_log":29,"minecraft:budding_amethyst":21,"minecraft:granite":79,"minecraft:grass_block":501,"minecraft:decorated_pot":1,"minecraft:deepslate_bricks":33,"minecraft:raw_iron_block":2,"minecraft:raw_gold_block":5,"minecraft:iron_ore":71,"minecraft:andesite":87,"minecraft:pumpkin":19,"minecraft:deepslate_lapis_ore":15,"minecraft:dirt_path":1,"minecraft:deepslate_iron_ore":34,"minecraft:packed_ice":25,"minecraft:stone":379,"minecraft:white_wool":1,"minecraft:podzol":97,"minecraft:gray_terracotta":8,"minecraft:snow_block":94,"minecraft:powder_snow":15,"minecraft:clay":83,"minecraft:crafting_table":2,"minecraft:torch":13,"diagonalfences:minecraft/oak_fence":6,"minecraft:calcite":83,"minecraft:melon":26,"minecraft:chest":67,"minecraft:copper_ore":131,"minecraft:deepslate_coal_ore":20,"minecraft:deepslate_gold_ore":21,"minecraft:diorite":84,"minecraft:wall_torch":1,"minecraft:amethyst_block":112,"minecraft:deepslate_copper_ore":25,"minecraft:white_terracotta":31,"minecraft:blue_terracotta":3,"minecraft:birch_log":104,"minecraft:wheat":43,"minecraft:ice":5,"minecraft:blue_ice":22,"minecraft:spruce_log":32,"minecraft:coal_ore":39,"minecraft:oak_log":234,"minecraft:gravel":199,"minecraft:dirt":97,"minecraft:dripstone_block":7,"minecraft:smooth_basalt":36,"minecraft:terracotta":18,"minecraft:raw_copper_block":3,"minecraft:gold_ore":11,"minecraft:deepslate":118,"minecraft:suspicious_gravel":57},"minecraft:custom":{"minecraft:mob_kills":76,"minecraft:animals_bred":1,"minecraft:interact_with_crafting_table":25,"minecraft:leave_game":3,"minecraft:time_since_death":159427,"minecraft:climb_one_cm":2380,"minecraft:sprint_one_cm":55362,"minecraft:walk_one_cm":419652,"minecraft:drop":156,"minecraft:play_time":309364,"minecraft:sneak_time":12689,"minecraft:deaths":3,"minecraft:jump":689,"minecraft:walk_on_water_one_cm":877,"minecraft:total_world_time":309364,"minecraft:interact_with_furnace":18,"minecraft:sleep_in_bed":4,"minecraft:time_since_rest":42018,"minecraft:damage_taken":2485,"minecraft:damage_dealt":13363,"minecraft:player_kills":2,"minecraft:fly_one_cm":391230,"minecraft:open_chest":351,"minecraft:crouch_one_cm":32715,"minecraft:fall_one_cm":3413},"minecraft:used":{"minecraft:oak_fence":7,"minecraft:stone_sword":1,"minecraft:polished_deepslate":82,"minecraft:spruce_slab":10,"minecraft:stone_shovel":259,"minecraft:chest":8,"minecraft:decorated_pot":1,"minecraft:wooden_shovel":217,"minecraft:spruce_leaves":68,"minecraft:iron_chestplate":1,"minecraft:torch":30,"minecraft:mooshroom_spawn_egg":6,"minecraft:dirt":251,"plentyofarmors:copper_leggings":1,"slabsexpanded:glass_slab":7,"piercingpaxels:iron_paxel":1956,"minecraft:deepslate_tile_slab":64,"minecraft:deepslate_brick_slab":500,"minecraft:spruce_fence":38,"plentyofarmors:copper_helmet":1,"piercingpaxels:stone_paxel":483,"plentyofarmors:copper_chestplate":1,"slabsexpanded:spruce_leaves_slab":1,"minecraft:polished_deepslate_stairs":63,"minecraft:glass":351,"minecraft:polished_blackstone_slab":1,"minecraft:wooden_axe":110,"minecraft:stone_brick_slab":68,"minecraft:lantern":12,"minecraft:grass_block":8,"minecraft:green_wool":1,"minecraft:iron_boots":1,"minecraft:iron_helmet":2,"slabsexpanded:cherry_leaves_slab":1,"minecraft:bedrock":24,"minecraft:magenta_wool":1,"plentyofarmors:copper_boots":2,"minecraft:oak_sapling":2,"minecraft:egg":3,"minecraft:cooked_beef":9,"minecraft:powder_snow_bucket":7,"minecraft:cobbled_deepslate_wall":13,"minecraft:iron_leggings":1,"minecraft:wheat_seeds":43,"minecraft:waxed_oxidized_cut_copper_slab":14,"minecraft:birch_leaves":45,"minecraft:stone_pickaxe":159,"minecraft:wooden_pickaxe":49,"minecraft:stonecutter":1,"minecraft:leather_boots":1,"minecraft:white_wool":2,"minecraft:oak_leaves":85,"minecraft:polished_deepslate_slab":190,"slabsexpanded:black_stained_glass_slab":9,"slabsexpanded:oak_leaves_slab":1,"minecraft:crafting_table":3,"minecraft:mushroom_stew":12,"minecraft:white_bed":1,"minecraft:spruce_trapdoor":16,"minecraft:stone_axe":156,"minecraft:purple_bed":2,"minecraft:wooden_sword":2,"minecraft:cooked_porkchop":4,"minecraft:bucket":7,"minecraft:birch_log":1,"minecraft:brush":7,"slabsexpanded:brown_stained_glass_slab":7},"minecraft:broken":{"minecraft:wooden_shovel":3,"minecraft:stone_pickaxe":1,"minecraft:stone_axe":1,"minecraft:wooden_axe":2,"minecraft:stone_shovel":1},"minecraft:killed_by":{"minecraft:spider":1},"minecraft:crafted":{"minecraft:wooden_sword":1,"minecraft:oak_planks":36,"minecraft:raw_iron":9,"minecraft:stone_shovel":2,"minecraft:leather_boots":1,"piercingpaxels:stone_paxel":1,"minecraft:stone_pickaxe":2,"minecraft:decorated_pot":1,"minecraft:stone_hoe":1,"minecraft:cooked_beef":12,"minecraft:wooden_shovel":2,"minecraft:crafting_table":1,"minecraft:wooden_pickaxe":1,"minecraft:brush":1,"minecraft:copper_ingot":41,"minecraft:birch_planks":24,"minecraft:stone_axe":2,"minecraft:air":0,"minecraft:raw_gold":45,"minecraft:stick":80,"minecraft:iron_ingot":49,"minecraft:wooden_axe":2,"minecraft:stone_sword":2,"minecraft:gold_ingot":10,"minecraft:white_bed":1,"minecraft:torch":8,"minecraft:clay":38},"minecraft:picked_up":{"minecraft:crafting_table":2,"minecraft:wheat":42,"minecraft:chicken":1,"minecraft:ladder":3,"minecraft:clay_ball":152,"plentyofarmors:copper_helmet":1,"minecraft:wooden_pickaxe":1,"minecraft:spider_spawn_egg":1,"minecraft:amethyst_block":15,"minecraft:string":5,"minecraft:raw_copper":583,"minecraft:magenta_wool":1,"minecraft:deepslate_tiles":2,"minecraft:cobbled_deepslate":17,"minecraft:beef":19,"minecraft:calcite":6,"minecraft:wooden_shovel":2,"minecraft:melon_slice":76,"minecraft:chest":26,"minecraft:raw_copper_block":3,"minecraft:egg":5,"minecraft:tipped_arrow":1,"minecraft:raw_iron":7,"minecraft:copper_ingot":7,"minecraft:oak_fence":5,"minecraft:torch":17,"plentyofarmors:copper_boots":1,"minecraft:porkchop":12,"piercingpaxels:iron_paxel":1,"minecraft:diorite":4,"minecraft:carrot":1,"minecraft:chicken_spawn_egg":1,"minecraft:arrow":4,"minecraft:stone_shovel":1,"minecraft:rotten_flesh":10,"minecraft:light_blue_wool":1,"minecraft:decorated_pot":1,"minecraft:deepslate_bricks":10,"minecraft:green_wool":1,"plentyofarmors:copper_chestplate":1,"minecraft:white_terracotta":4,"minecraft:mutton":15,"minecraft:white_wool":6,"minecraft:cobblestone":85,"minecraft:birch_log":39,"minecraft:feather":3,"minecraft:cooked_beef":27,"minecraft:andesite":15,"minecraft:leather":6,"minecraft:mushroom_stew":14,"minecraft:flint":5,"minecraft:tuff":6,"minecraft:oak_log":102,"minecraft:gunpowder":1,"minecraft:lapis_lazuli":94,"minecraft:dirt":298,"minecraft:leather_boots":1,"minecraft:bone":9,"minecraft:gray_terracotta":2,"minecraft:wheat_seeds":106,"minecraft:rabbit_hide":1,"minecraft:stone_pickaxe":1,"minecraft:rabbit":1,"minecraft:smooth_basalt":2,"minecraft:cooked_porkchop":13,"minecraft:pumpkin":8,"minecraft:gravel":61,"plentyofarmors:copper_leggings":1,"minecraft:amethyst_shard":4,"piercingpaxels:stone_paxel":1,"minecraft:dark_oak_log":16,"minecraft:spider_eye":1,"minecraft:diamond":1,"minecraft:stone_axe":1,"minecraft:iron_helmet":1,"minecraft:granite":5,"minecraft:oak_sapling":1,"minecraft:coal":16},"minecraft:killed":{"minecraft:spider":8,"minecraft:skeleton":4,"minecraft:fox":1,"minecraft:chicken":4,"minecraft:pig":6,"minecraft:rabbit":1,"minecraft:creeper":1,"minecraft:sheep":11,"minecraft:goat":4,"minecraft:zombie":15,"minecraft:mooshroom":2,"minecraft:stray":6,"minecraft:player":2,"minecraft:cow":9},"minecraft:dropped":{"minecraft:candle":2,"minecraft:porkchop":9,"minecraft:wheat_seeds":63,"minecraft:lapis_lazuli":94,"minecraft:oak_log":6,"minecraft:diamond":1,"minecraft:decorated_pot":1,"minecraft:iron_helmet":1,"minecraft:oak_fence":3,"minecraft:feather":2,"minecraft:cobblestone":23,"plentyofarmors:copper_boots":1,"minecraft:leather":6,"minecraft:amethyst_block":10,"minecraft:apple":3,"minecraft:copper_ingot":53,"minecraft:enderman_spawn_egg":1,"minecraft:coal":9,"minecraft:mushroom_stew":11,"minecraft:stick":6,"minecraft:dirt":67,"minecraft:wither_skeleton_spawn_egg":1,"minecraft:dark_oak_log":16,"plentyofarmors:copper_helmet":1,"minecraft:brush":1,"minecraft:raw_copper_block":6,"minecraft:torch":2,"minecraft:mutton":11,"minecraft:rabbit":1,"minecraft:wooden_sword":2,"minecraft:amethyst_shard":4,"minecraft:sunflower":2,"minecraft:flowering_azalea":2,"minecraft:string":1,"minecraft:birch_log":2,"minecraft:white_wool":1,"minecraft:polished_deepslate":1,"minecraft:bone":7,"minecraft:gravel":2,"minecraft:stone_axe":1,"plentyofarmors:copper_chestplate":1,"plentyofarmors:copper_leggings":1,"minecraft:stone_sword":1,"minecraft:cobbled_deepslate":17,"minecraft:raw_copper":930,"minecraft:bowl":3,"minecraft:tuff":6,"minecraft:stone_shovel":1,"minecraft:polished_deepslate_slab":1,"minecraft:deepslate_brick_slab":1,"minecraft:rotten_flesh":9,"minecraft:oak_planks":50,"piercingpaxels:iron_paxel":2,"minecraft:white_terracotta":4,"minecraft:polished_deepslate_stairs":1,"minecraft:carrot":2,"minecraft:deepslate_bricks":10,"minecraft:rabbit_hide":1,"minecraft:tipped_arrow":1,"minecraft:deepslate_tiles":2,"minecraft:gray_terracotta":2,"minecraft:gunpowder":1,"minecraft:allium":2,"minecraft:leather_boots":1,"minecraft:chest":22,"minecraft:oak_sapling":2,"minecraft:wooden_shovel":2,"minecraft:spider_eye":1,"minecraft:light_gray_dye":4,"minecraft:spruce_log":2,"minecraft:arrow":4,"minecraft:stone_pickaxe":3,"minecraft:beef":16,"minecraft:wooden_pickaxe":3,"minecraft:calcite":1,"minecraft:egg":1}},"DataVersion":3465}