{"stats":{"minecraft:killed_by":{"minecraft:zombie":1,"minecraft:skeleton":4},"minecraft:custom":{"minecraft:interact_with_crafting_table":107,"minecraft:open_barrel":80,"minecraft:time_since_death":292854,"minecraft:sprint_one_cm":652074,"minecraft:damage_blocked_by_shield":1819,"minecraft:drop":180,"minecraft:talked_to_villager":6,"minecraft:play_time":372218,"minecraft:deaths":5,"minecraft:jump":5620,"minecraft:interact_with_brewingstand":4,"minecraft:walk_on_water_one_cm":16972,"minecraft:interact_with_furnace":29,"minecraft:traded_with_villager":1,"minecraft:interact_with_loom":1,"minecraft:sleep_in_bed":19,"minecraft:damage_dealt":15566,"minecraft:crouch_one_cm":11195,"minecraft:interact_with_smoker":72,"minecraft:mob_kills":114,"minecraft:interact_with_anvil":7,"minecraft:inspect_hopper":1,"minecraft:interact_with_campfire":14,"minecraft:climb_one_cm":4794,"minecraft:walk_one_cm":812373,"minecraft:sneak_time":11044,"minecraft:walk_under_water_one_cm":20034,"minecraft:boat_one_cm":410911,"minecraft:interact_with_lectern":3,"minecraft:interact_with_blast_furnace":120,"minecraft:total_world_time":372218,"minecraft:pot_flower":1,"minecraft:interact_with_grindstone":7,"minecraft:interact_with_stonecutter":3,"minecraft:time_since_rest":17444,"minecraft:damage_taken":4163,"minecraft:swim_one_cm":57529,"minecraft:fly_one_cm":1300987,"minecraft:open_chest":119,"minecraft:fall_one_cm":143318},"minecraft:crafted":{"minecraft:oak_planks":148,"minecraft:cactus":1,"minecraft:cooked_chicken":2,"minecraft:cherry_boat":1,"minecraft:cooked_mutton":1,"minecraft:warped_planks":4,"minecraft:bow":1,"minecraft:iron_boots":2,"more_bows_and_arrows:diamond_bow":1,"minecraft:chest":2,"minecraft:smoker":1,"minecraft:crafting_table":9,"minecraft:spruce_planks":52,"minecraft:wooden_pickaxe":1,"minecraft:baked_potato":113,"minecraft:iron_helmet":1,"minecraft:gold_block":19,"minecraft:light_gray_bed":1,"minecraft:iron_chestplate":2,"minecraft:shield":4,"minecraft:stick":128,"minecraft:iron_ingot":404,"minecraft:iron_pickaxe":11,"minecraft:iron_block":49,"minecraft:stone_sword":1,"minecraft:gold_ingot":129,"minecraft:black_bed":1,"minecraft:light_gray_dye":3,"minecraft:golden_carrot":10,"minecraft:cherry_planks":96,"minecraft:wooden_sword":1,"minecraft:coal":27,"minecraft:furnace":2,"more_bows_and_arrows:emerald_bow":1,"minecraft:iron_axe":2,"minecraft:stone_pickaxe":1,"minecraft:cooked_beef":71,"minecraft:coal_block":36,"minecraft:bucket":3,"minecraft:stone_axe":3,"minecraft:air":0,"minecraft:oak_boat":1,"minecraft:golden_apple":3,"minecraft:gold_nugget":90,"minecraft:iron_leggings":1,"minecraft:white_bed":1,"more_bows_and_arrows:gold_bow":1,"minecraft:torch":432},"minecraft:mined":{"minecraft:stripped_warped_stem":1,"minecraft:spruce_planks":3,"minecraft:cobbled_deepslate_stairs":1,"minecraft:andesite_stairs":2,"minecraft:cherry_log":13,"minecraft:budding_amethyst":5,"minecraft:grass_block":15,"minecraft:light_gray_bed":1,"minecraft:purple_stained_glass_pane":1,"minecraft:coal_block":1,"minecraft:soul_soil":2,"minecraft:polished_blackstone_brick_slab":1,"minecraft:stripped_warped_hyphae":1,"minecraft:green_concrete":1,"minecraft:hopper":1,"minecraft:oxeye_daisy":1,"minecraft:spawner":18,"minecraft:polished_blackstone_bricks":1,"minecraft:mossy_cobblestone_slab":2,"minecraft:cobbled_deepslate":1,"minecraft:fire":2,"minecraft:iron_ore":73,"minecraft:barrel":1,"minecraft:deepslate_lapis_ore":26,"minecraft:azure_bluet":2,"minecraft:dark_oak_stairs":2,"minecraft:spruce_pressure_plate":2,"minecraft:smooth_sandstone_stairs":8,"easyanvils:minecraft/anvil":3,"minecraft:green_bed":2,"minecraft:spruce_slab":6,"minecraft:deepslate_redstone_ore":26,"minecraft:smoker":4,"minecraft:amethyst_cluster":2,"visualworkbench:minecraft/crafting_table":2,"minecraft:torch":11,"minecraft:blast_furnace":8,"minecraft:calcite":5,"minecraft:green_concrete_powder":1,"minecraft:chest":2,"minecraft:white_stained_glass_pane":3,"minecraft:cobblestone":10,"minecraft:grindstone":1,"minecraft:oak_planks":17,"minecraft:wall_torch":4,"minecraft:amethyst_block":5,"minecraft:dark_oak_slab":3,"minecraft:warped_planks":19,"minecraft:black_bed":15,"minecraft:orange_tulip":1,"minecraft:oak_log":43,"minecraft:loom":1,"minecraft:dirt":12,"minecraft:stonecutter":1,"minecraft:oak_leaves":14,"minecraft:deepslate":79,"minecraft:dark_prismarine":1,"minecraft:tuff":5,"minecraft:mossy_cobblestone":1,"minecraft:deepslate_diamond_ore":34,"minecraft:sea_lantern":1,"minecraft:spruce_leaves":6,"minecraft:cartography_table":1,"minecraft:moss_block":2,"minecraft:kelp":1,"minecraft:sandstone":1,"minecraft:hay_block":19,"minecraft:diorite_slab":1,"minecraft:redstone_ore":1,"minecraft:packed_mud":1,"minecraft:furnace":4,"minecraft:green_terracotta":1,"minecraft:andesite":9,"minecraft:black_concrete":1,"minecraft:gold_block":1,"minecraft:mossy_stone_brick_stairs":1,"minecraft:bookshelf":33,"minecraft:potatoes":4,"minecraft:deepslate_iron_ore":97,"minecraft:vine":1,"minecraft:lantern":1,"minecraft:packed_ice":2,"minecraft:stone":205,"minecraft:birch_pressure_plate":1,"minecraft:oak_slab":2,"minecraft:hanging_roots":1,"minecraft:stripped_dark_oak_log":1,"minecraft:smooth_sandstone":11,"minecraft:cornflower":1,"minecraft:spruce_button":2,"minecraft:short_grass":24,"minecraft:emerald_ore":26,"minecraft:lectern":1,"minecraft:copper_ore":1,"minecraft:tall_grass":2,"minecraft:deepslate_coal_ore":4,"minecraft:deepslate_gold_ore":45,"minecraft:lily_pad":1,"minecraft:diorite":2,"minecraft:spruce_stairs":8,"minecraft:stripped_spruce_wood":11,"minecraft:sea_pickle":3,"minecraft:spruce_log":13,"minecraft:black_wool":3,"minecraft:coal_ore":295,"minecraft:ochre_froglight":5,"minecraft:cherry_leaves":1,"minecraft:flower_pot":1,"minecraft:gray_carpet":4,"minecraft:lodestone":1,"minecraft:cobweb":13,"minecraft:stone_bricks":5,"minecraft:deepslate_emerald_ore":1,"minecraft:gold_ore":2,"minecraft:fern":1},"minecraft:picked_up":{"minecraft:black_carpet":1,"minecraft:anvil":4,"minecraft:flower_pot":1,"minecraft:lead":2,"minecraft:diamond_sword":1,"minecraft:potion":1,"minecraft:golden_shovel":4,"minecraft:stone_brick_stairs":1,"minecraft:amethyst_block":2,"minecraft:string":44,"minecraft:soul_soil":1,"minecraft:raw_copper":3,"minecraft:sea_pickle":30,"minecraft:smooth_stone":2,"minecraft:cobbled_deepslate":172,"minecraft:spruce_planks":2,"minecraft:calcite":5,"minecraft:iron_pickaxe":6,"minecraft:enchanted_golden_apple":2,"minecraft:coal_block":1,"minecraft:furnace":7,"minecraft:golden_helmet":2,"minecraft:spruce_pressure_plate":2,"minecraft:polished_blackstone_brick_slab":1,"minecraft:stick":118,"minecraft:torch":58,"minecraft:green_bed":2,"minecraft:spruce_stairs":2,"minecraft:porkchop":17,"minecraft:cherry_log":24,"minecraft:diorite":2,"minecraft:warped_planks":11,"minecraft:green_terracotta":1,"minecraft:golden_chestplate":3,"minecraft:stone_sword":1,"minecraft:cactus":1,"minecraft:light_gray_bed":4,"minecraft:rotten_flesh":16,"minecraft:cod":3,"minecraft:iron_bars":1,"minecraft:cobblestone":548,"minecraft:feather":10,"minecraft:cooked_beef":205,"minecraft:andesite":9,"minecraft:black_bed":18,"minecraft:brown_wool":4,"minecraft:green_concrete_powder":1,"minecraft:smoker":9,"minecraft:potato":171,"minecraft:tuff":3,"minecraft:stripped_spruce_wood":10,"minecraft:smooth_sandstone_stairs":8,"minecraft:dirt":18,"minecraft:lapis_lazuli":180,"minecraft:lantern":2,"minecraft:bone":130,"minecraft:stonecutter":4,"minecraft:bow":7,"minecraft:wheat_seeds":9,"minecraft:orange_tulip":1,"minecraft:raw_gold":151,"minecraft:grindstone":1,"minecraft:oak_planks":387,"minecraft:mossy_stone_brick_stairs":2,"minecraft:cooked_porkchop":23,"minecraft:loom":1,"minecraft:barrel":1,"minecraft:mossy_cobblestone":1,"minecraft:dark_prismarine":1,"minecraft:black_concrete_powder":1,"minecraft:green_concrete":1,"minecraft:diamond":82,"minecraft:black_concrete":1,"minecraft:soul_lantern":2,"minecraft:polished_blackstone_button":2,"minecraft:bread":108,"minecraft:spruce_button":2,"minecraft:emerald":137,"minecraft:oak_sapling":24,"minecraft:diamond_pickaxe":2,"minecraft:charcoal":2,"minecraft:crafting_table":8,"minecraft:allium":2,"minecraft:azure_bluet":4,"minecraft:chicken":2,"minecraft:stripped_warped_hyphae":1,"minecraft:brown_mushroom":5,"minecraft:gold_block":1,"minecraft:diorite_slab":1,"minecraft:shield":7,"minecraft:cornflower":1,"minecraft:moss_carpet":1,"minecraft:stripped_warped_stem":2,"minecraft:beef":79,"minecraft:andesite_stairs":1,"minecraft:oak_boat":3,"minecraft:poppy":2,"minecraft:spruce_slab":3,"minecraft:lectern":1,"minecraft:sugar_cane":58,"minecraft:egg":1,"minecraft:raw_iron":473,"minecraft:sandstone":12,"minecraft:polished_blackstone_bricks":1,"minecraft:carrot":20,"minecraft:redstone":119,"minecraft:prismarine_crystals":5,"minecraft:arrow":99,"minecraft:hay_block":40,"minecraft:black_banner":1,"minecraft:gold_ingot":54,"minecraft:mutton":29,"minecraft:white_wool":13,"minecraft:oxeye_daisy":1,"minecraft:salmon":1,"minecraft:leather":97,"minecraft:ochre_froglight":5,"minecraft:oak_log":60,"minecraft:lily_pad":1,"minecraft:cobbled_deepslate_stairs":1,"minecraft:gunpowder":3,"minecraft:birch_pressure_plate":1,"minecraft:cooked_mutton":33,"minecraft:kelp":1,"minecraft:apple":108,"minecraft:stone_bricks":6,"minecraft:gray_carpet":4,"minecraft:iron_ingot":97,"minecraft:iron_sword":4,"minecraft:book":38,"minecraft:oak_slab":3,"minecraft:dark_oak_slab":6,"minecraft:amethyst_shard":118,"minecraft:spruce_sapling":5,"minecraft:blast_furnace":8,"minecraft:spruce_log":13,"minecraft:diamond_shovel":4,"minecraft:stone_axe":6,"minecraft:iron_helmet":1,"minecraft:cherry_sapling":21,"minecraft:gray_wool":2,"minecraft:lodestone":2,"minecraft:baked_potato":7,"minecraft:black_wool":3,"minecraft:stripped_dark_oak_log":1,"minecraft:coal":1012},"minecraft:killed":{"minecraft:spider":1,"minecraft:skeleton":10,"minecraft:chicken":2,"minecraft:pig":10,"minecraft:zombie_villager":1,"minecraft:iron_golem":1,"minecraft:sheep":31,"minecraft:trader_llama":2,"minecraft:zombie":7,"minecraft:cow":34,"minecraft:slime":1,"minecraft:horse":3,"minecraft:llama":1,"minecraft:drowned":2,"minecraft:wandering_trader":1,"minecraft:polar_bear":4,"minecraft:enderman":2},"minecraft:dropped":{"minecraft:iron_sword":5,"minecraft:porkchop":8,"minecraft:lapis_lazuli":193,"minecraft:oak_log":17,"minecraft:baked_potato":29,"minecraft:glass_bottle":1,"minecraft:dark_oak_slab":2,"minecraft:lantern":1,"minecraft:black_bed":1,"minecraft:mossy_stone_brick_stairs":2,"minecraft:black_banner":1,"minecraft:cod":3,"minecraft:dirt":1,"minecraft:mutton":21,"minecraft:gold_nugget":1,"minecraft:wooden_sword":1,"minecraft:amethyst_shard":4,"minecraft:iron_pickaxe":2,"minecraft:black_concrete":1,"minecraft:white_wool":4,"more_bows_and_arrows:emerald_bow":1,"minecraft:gold_ingot":2,"minecraft:bone":90,"minecraft:cherry_boat":1,"minecraft:golden_chestplate":2,"minecraft:cobbled_deepslate":11,"minecraft:black_carpet":1,"minecraft:rotten_flesh":15,"minecraft:oak_planks":45,"minecraft:diamond_shovel":6,"minecraft:cooked_mutton":34,"minecraft:salmon":1,"minecraft:warped_planks":1,"minecraft:spruce_slab":2,"minecraft:arrow":24,"minecraft:beef":3,"minecraft:iron_ingot":9,"minecraft:bread":33,"minecraft:wheat_seeds":6,"minecraft:golden_helmet":1,"minecraft:feather":2,"minecraft:iron_helmet":2,"minecraft:cobblestone":100,"minecraft:book":32,"minecraft:apple":57,"minecraft:amethyst_block":2,"minecraft:polished_blackstone_button":2,"minecraft:coal":94,"minecraft:stick":74,"minecraft:golden_carrot":10,"minecraft:torch":2,"minecraft:lodestone":2,"minecraft:diamond_helmet":1,"minecraft:iron_leggings":1,"minecraft:cactus":2,"minecraft:smooth_stone":2,"minecraft:string":12,"minecraft:bucket":1,"minecraft:redstone":119,"minecraft:furnace":3,"minecraft:kelp":1,"minecraft:stone_sword":1,"minecraft:raw_copper":3,"minecraft:tuff":3,"minecraft:raw_iron":1,"minecraft:iron_boots":2,"minecraft:diamond_sword":1,"minecraft:potato":32,"minecraft:hay_block":3,"minecraft:shield":4,"minecraft:sea_pickle":6,"minecraft:black_concrete_powder":1,"minecraft:iron_chestplate":1,"minecraft:diamond_pickaxe":2,"minecraft:andesite":1,"minecraft:light_gray_bed":1,"minecraft:oak_boat":1,"minecraft:oak_sapling":23,"minecraft:light_gray_dye":2,"minecraft:bow":5,"minecraft:stone_pickaxe":1,"minecraft:wooden_pickaxe":1},"minecraft:used":{"minecraft:moss_carpet":1,"minecraft:spruce_slab":1,"minecraft:poppy":2,"minecraft:chest":2,"minecraft:shield":34,"minecraft:iron_sword":160,"minecraft:smooth_sandstone_stairs":1,"minecraft:iron_chestplate":1,"minecraft:birch_pressure_plate":1,"minecraft:allium":1,"minecraft:azure_bluet":2,"minecraft:lava_bucket":14,"minecraft:lantern":1,"minecraft:dark_oak_slab":2,"minecraft:stone_bricks":1,"minecraft:bow":2,"minecraft:hay_block":4,"minecraft:oak_sapling":1,"minecraft:furnace":1,"minecraft:egg":1,"minecraft:stripped_spruce_wood":10,"minecraft:diorite":2,"minecraft:stone_pickaxe":124,"minecraft:gray_carpet":4,"minecraft:oak_planks":54,"minecraft:orange_tulip":1,"minecraft:wooden_pickaxe":3,"minecraft:sandstone":3,"minecraft:white_wool":4,"minecraft:loom":1,"minecraft:blast_furnace":5,"minecraft:ochre_froglight":5,"minecraft:black_bed":15,"more_bows_and_arrows:diamond_bow":2,"minecraft:string":2,"minecraft:brown_wool":4,"minecraft:lectern":1,"minecraft:soul_lantern":2,"minecraft:fire_charge":1,"minecraft:wooden_sword":4,"minecraft:grindstone":1,"minecraft:andesite":8,"minecraft:diorite_slab":1,"minecraft:polished_blackstone_brick_slab":1,"minecraft:stone_sword":17,"minecraft:stripped_warped_stem":1,"minecraft:spruce_planks":2,"minecraft:cooked_chicken":2,"minecraft:torch":443,"minecraft:dirt":17,"minecraft:anvil":3,"minecraft:spruce_stairs":2,"minecraft:iron_axe":151,"minecraft:barrel":1,"minecraft:cooked_beef":19,"minecraft:cobbled_deepslate":121,"minecraft:light_gray_bed":4,"minecraft:calcite":5,"minecraft:water_bucket":17,"minecraft:baked_potato":56,"minecraft:brown_mushroom":5,"minecraft:green_bed":1,"minecraft:polished_blackstone_bricks":1,"minecraft:mossy_cobblestone":1,"minecraft:stripped_dark_oak_log":1,"minecraft:crafting_table":12,"minecraft:oak_slab":3,"minecraft:smoker":5,"minecraft:warped_planks":6,"minecraft:cornflower":1,"minecraft:dark_prismarine":1,"minecraft:flower_pot":1,"minecraft:diamond_pickaxe":321,"minecraft:iron_pickaxe":609,"minecraft:spruce_pressure_plate":1,"minecraft:spruce_sapling":1,"minecraft:stone_axe":104,"minecraft:potion":4,"minecraft:cobblestone":190,"minecraft:andesite_stairs":1,"minecraft:bucket":33,"minecraft:sea_pickle":6,"minecraft:gray_wool":2,"minecraft:diamond_leggings":1}},"DataVersion":3953}