{"stats":{"minecraft:used":{"minecraft:wooden_axe":64,"minecraft:chest":7,"minecraft:wooden_shovel":129,"minecraft:bedrock":18,"minecraft:torch":2,"minecraft:dirt":17,"minecraft:crafting_table":1,"minecraft:oak_sapling":2},"minecraft:broken":{"minecraft:wooden_axe":1,"minecraft:wooden_shovel":2},"minecraft:mined":{"minecraft:podzol":9,"minecraft:birch_log":8,"minecraft:pumpkin":3,"minecraft:clay":16,"minecraft:torch":1,"minecraft:oak_log":39,"minecraft:grass_block":84,"minecraft:melon":7,"minecraft:chest":11,"minecraft:gravel":24,"minecraft:dirt":7},"minecraft:picked_up":{"minecraft:birch_log":8,"minecraft:clay_ball":64,"minecraft:pumpkin":3,"minecraft:torch":1,"minecraft:gravel":21,"minecraft:porkchop":3,"minecraft:flint":3,"minecraft:oak_log":39,"minecraft:dirt":98,"minecraft:wooden_shovel":2,"minecraft:melon_slice":34,"minecraft:chest":10},"minecraft:crafted":{"minecraft:oak_planks":28,"minecraft:wooden_shovel":1,"minecraft:crafting_table":1,"minecraft:stick":8,"minecraft:wooden_axe":2},"minecraft:killed":{"minecraft:pig":1},"minecraft:custom":{"minecraft:time_since_rest":16483,"minecraft:sprint_one_cm":317,"minecraft:walk_one_cm":6015,"minecraft:mob_kills":1,"minecraft:damage_dealt":250,"minecraft:interact_with_crafting_table":4,"minecraft:fly_one_cm":1149,"minecraft:open_chest":30,"minecraft:crouch_one_cm":6085,"minecraft:play_time":16483,"minecraft:sneak_time":1723,"minecraft:jump":19,"minecraft:time_since_death":16483,"minecraft:total_world_time":16483,"minecraft:fall_one_cm":209}},"DataVersion":3465}