{"stats":{"minecraft:used":{"minecraft:moss_carpet":172,"minecraft:writable_book":1,"minecraft:polished_deepslate":82,"minecraft:spruce_slab":785,"minecraft:oak_sign":1,"minecraft:decorated_pot":1,"minecraft:chest":80,"minecraft:stone":45,"minecraft:iron_sword":109,"minecraft:iron_chestplate":1,"minecraft:spruce_leaves":132,"minecraft:mooshroom_spawn_egg":6,"slabsexpanded:glass_slab":7,"minecraft:deepslate_tile_slab":119,"minecraft:deepslate_brick_slab":507,"plentyofarmors:copper_helmet":1,"minecraft:polished_deepslate_stairs":63,"minecraft:polished_blackstone_slab":1,"minecraft:glass":465,"minecraft:stripped_dark_oak_wood":211,"minecraft:red_wool":7,"minecraft:spruce_wood":127,"minecraft:lantern":107,"minecraft:grass_block":8,"minecraft:polished_andesite_stairs":8,"minecraft:green_wool":1,"minecraft:dark_oak_wood":1,"minecraft:iron_helmet":2,"minecraft:dark_oak_slab":2,"minecraft:stone_bricks":32,"minecraft:bedrock":24,"plentyofarmors:copper_boots":2,"minecraft:oak_sapling":2,"minecraft:egg":3,"minecraft:dark_oak_stairs":17,"minecraft:waxed_oxidized_cut_copper_slab":14,"minecraft:spruce_door":2,"minecraft:birch_leaves":53,"minecraft:stone_pickaxe":159,"minecraft:wooden_pickaxe":49,"minecraft:oak_leaves":93,"minecraft:white_wool":29,"minecraft:dark_oak_trapdoor":31,"slabsexpanded:oak_leaves_slab":1,"minecraft:mushroom_stew":12,"minecraft:light_blue_wool":23,"minecraft:dark_oak_log":40,"minecraft:wooden_sword":2,"minecraft:dark_oak_fence":4,"minecraft:andesite":2,"minecraft:birch_log":1,"slabsexpanded:brown_stained_glass_slab":7,"minecraft:oak_fence":7,"minecraft:stone_sword":1,"minecraft:stone_shovel":259,"minecraft:spruce_planks":230,"minecraft:wooden_shovel":217,"minecraft:torch":30,"minecraft:dirt":251,"plentyofarmors:copper_leggings":1,"piercingpaxels:iron_paxel":3634,"minecraft:stone_stairs":5,"piercingpaxels:stone_paxel":483,"minecraft:spruce_fence":156,"plentyofarmors:copper_chestplate":1,"slabsexpanded:spruce_leaves_slab":1,"minecraft:stone_brick_slab":68,"minecraft:dark_oak_planks":2,"minecraft:wooden_axe":110,"minecraft:iron_boots":1,"slabsexpanded:cherry_leaves_slab":1,"minecraft:magenta_wool":1,"minecraft:cooked_beef":9,"minecraft:powder_snow_bucket":7,"minecraft:iron_leggings":1,"minecraft:cobbled_deepslate_wall":35,"minecraft:wheat_seeds":43,"minecraft:polished_andesite":10,"minecraft:stonecutter":1,"minecraft:leather_boots":1,"minecraft:deepslate_bricks":288,"minecraft:polished_deepslate_slab":231,"slabsexpanded:black_stained_glass_slab":9,"minecraft:stripped_dark_oak_log":106,"minecraft:crafting_table":3,"minecraft:white_bed":1,"minecraft:flower_pot":2,"minecraft:light":99,"minecraft:black_wool":11,"minecraft:spruce_trapdoor":69,"minecraft:yellow_wool":11,"minecraft:stone_axe":156,"minecraft:cobblestone":1,"minecraft:purple_bed":2,"minecraft:cooked_porkchop":11,"minecraft:bucket":7,"minecraft:glass_pane":10,"minecraft:brush":7,"minecraft:smooth_stone":40},"minecraft:broken":{"minecraft:wooden_shovel":3,"minecraft:stone_pickaxe":1,"minecraft:stone_axe":1,"minecraft:wooden_axe":2,"minecraft:stone_shovel":1},"minecraft:killed":{"graveyard:skeleton_creeper":3,"minecraft:spider":31,"minecraft:skeleton":13,"minecraft:fox":1,"minecraft:chicken":7,"minecraft:pig":14,"minecraft:zombie_villager":1,"minecraft:creeper":8,"minecraft:sheep":21,"minecraft:pillager":4,"minecraft:goat":4,"minecraft:zombie":40,"minecraft:mooshroom":7,"minecraft:stray":6,"minecraft:cow":18,"minecraft:rabbit":15,"minecraft:player":2,"minecraft:enderman":3},"minecraft:crafted":{"minecraft:oak_planks":36,"minecraft:decorated_pot":1,"minecraft:stone_hoe":1,"minecraft:wooden_shovel":2,"minecraft:crafting_table":1,"minecraft:wooden_pickaxe":1,"minecraft:brush":1,"minecraft:copper_ingot":41,"minecraft:birch_planks":24,"minecraft:stick":80,"minecraft:iron_ingot":49,"minecraft:stone_sword":2,"minecraft:gold_ingot":10,"minecraft:wooden_sword":1,"minecraft:raw_iron":9,"minecraft:stone_shovel":2,"minecraft:leather_boots":1,"piercingpaxels:iron_paxel":1,"piercingpaxels:stone_paxel":1,"minecraft:stone_pickaxe":2,"minecraft:cooked_beef":12,"minecraft:stone_axe":2,"minecraft:air":0,"minecraft:raw_gold":45,"minecraft:wooden_axe":2,"minecraft:white_bed":1,"minecraft:torch":8,"minecraft:clay":38},"minecraft:killed_by":{"minecraft:spider":1,"cave_dweller:cave_dweller":3},"minecraft:dropped":{"minecraft:iron_sword":1,"minecraft:candle":2,"minecraft:porkchop":9,"minecraft:lapis_lazuli":94,"minecraft:oak_log":6,"minecraft:diamond":1,"minecraft:decorated_pot":1,"plentyofarmors:copper_boots":1,"minecraft:leather":6,"minecraft:leather_helmet":1,"minecraft:dirt":67,"minecraft:wither_skeleton_spawn_egg":1,"minecraft:dark_oak_log":16,"minecraft:raw_copper_block":6,"minecraft:brush":2,"minecraft:mutton":11,"minecraft:wooden_sword":2,"minecraft:amethyst_shard":4,"minecraft:sunflower":2,"minecraft:birch_log":2,"minecraft:white_wool":1,"minecraft:bone":13,"minecraft:gravel":2,"minecraft:stone_axe":1,"plentyofarmors:copper_chestplate":1,"plentyofarmors:copper_leggings":1,"minecraft:cobbled_deepslate":17,"minecraft:deepslate_brick_slab":1,"minecraft:rotten_flesh":25,"minecraft:oak_planks":50,"piercingpaxels:iron_paxel":2,"minecraft:carrot":2,"minecraft:rabbit_hide":1,"minecraft:deepslate_tiles":2,"minecraft:tipped_arrow":1,"minecraft:gunpowder":8,"minecraft:leather_boots":1,"minecraft:chest":24,"minecraft:arrow":11,"minecraft:beef":16,"minecraft:egg":1,"minecraft:wheat_seeds":63,"minecraft:oak_fence":3,"minecraft:feather":2,"minecraft:iron_helmet":1,"minecraft:cobblestone":23,"minecraft:apple":3,"minecraft:amethyst_block":10,"minecraft:copper_ingot":53,"minecraft:enderman_spawn_egg":1,"minecraft:coal":9,"minecraft:mushroom_stew":11,"minecraft:stick":6,"plentyofarmors:copper_helmet":1,"minecraft:torch":2,"minecraft:rabbit":1,"minecraft:flowering_azalea":2,"minecraft:string":13,"minecraft:polished_deepslate":1,"minecraft:stone_sword":1,"minecraft:raw_copper":930,"minecraft:bowl":3,"minecraft:tuff":6,"minecraft:stone_shovel":1,"minecraft:polished_deepslate_slab":1,"minecraft:white_terracotta":4,"minecraft:oak_sign":1,"minecraft:polished_deepslate_stairs":1,"minecraft:deepslate_bricks":10,"minecraft:gray_terracotta":2,"minecraft:allium":2,"minecraft:oak_sapling":2,"minecraft:wooden_shovel":2,"minecraft:spider_eye":4,"minecraft:light_gray_dye":4,"minecraft:spruce_log":2,"minecraft:bow":1,"minecraft:stone_pickaxe":3,"minecraft:wooden_pickaxe":3,"minecraft:calcite":1},"minecraft:picked_up":{"minecraft:music_disc_strad":1,"minecraft:wheat":42,"plentyofarmors:copper_helmet":1,"minecraft:amethyst_block":53,"minecraft:string":24,"minecraft:raw_copper":845,"minecraft:oak_sign":6,"minecraft:deepslate_tiles":2,"minecraft:cobbled_deepslate":17,"minecraft:calcite":38,"minecraft:azalea":3,"minecraft:wooden_shovel":2,"minecraft:melon_slice":145,"minecraft:tipped_arrow":1,"minecraft:music_disc_blocks":1,"minecraft:oak_fence":5,"minecraft:torch":19,"plentyofarmors:copper_boots":1,"minecraft:porkchop":24,"minecraft:diorite":45,"minecraft:rabbit_foot":1,"minecraft:zombie_spawn_egg":1,"minecraft:rotten_flesh":34,"minecraft:light_blue_wool":1,"minecraft:music_disc_ward":1,"minecraft:green_wool":1,"minecraft:white_terracotta":16,"plentyofarmors:copper_chestplate":1,"minecraft:snowball":16,"minecraft:cobblestone":306,"minecraft:birch_log":94,"minecraft:feather":20,"minecraft:cooked_beef":27,"minecraft:water_bucket":2,"minecraft:andesite":57,"minecraft:potato":1,"minecraft:flint":23,"minecraft:tuff":6,"minecraft:map":1,"minecraft:lapis_lazuli":94,"minecraft:dirt":662,"minecraft:leather_boots":1,"minecraft:bone":19,"minecraft:bow":1,"minecraft:gray_terracotta":10,"minecraft:wheat_seeds":113,"minecraft:raw_gold":8,"minecraft:rabbit":15,"minecraft:glow_lichen":3,"minecraft:cooked_porkchop":13,"piercingpaxels:stone_paxel":1,"minecraft:ink_sac":2,"minecraft:grass_block":2,"minecraft:dark_oak_log":16,"minecraft:skeleton_spawn_egg":1,"minecraft:diamond":1,"minecraft:writable_book":1,"minecraft:granite":45,"minecraft:oak_sapling":8,"minecraft:crafting_table":2,"minecraft:purple_wool":1,"minecraft:chicken":3,"minecraft:ladder":3,"minecraft:clay_ball":348,"minecraft:brown_mushroom":2,"minecraft:wooden_pickaxe":1,"minecraft:pink_wool":1,"minecraft:spider_spawn_egg":3,"minecraft:item_frame":3,"minecraft:magenta_wool":3,"minecraft:beef":44,"minecraft:birch_sapling":4,"minecraft:chest":58,"minecraft:raw_copper_block":3,"minecraft:egg":14,"minecraft:raw_iron":51,"minecraft:copper_ingot":7,"minecraft:mooshroom_spawn_egg":1,"minecraft:amethyst_cluster":1,"sophisticatedbackpacks:backpack":1,"piercingpaxels:iron_paxel":1,"minecraft:carrot":2,"minecraft:chicken_spawn_egg":1,"minecraft:arrow":15,"minecraft:stone_shovel":1,"minecraft:decorated_pot":1,"minecraft:deepslate_bricks":10,"minecraft:mutton":27,"minecraft:white_wool":11,"minecraft:rail":2,"minecraft:heartbreak_pottery_sherd":4,"minecraft:golden_carrot":3,"minecraft:leather":21,"minecraft:red_mushroom":2,"minecraft:mushroom_stew":14,"minecraft:oak_log":235,"minecraft:gunpowder":8,"minecraft:paper":3,"minecraft:white_banner":1,"minecraft:apple":21,"minecraft:rabbit_hide":9,"minecraft:stone_pickaxe":1,"minecraft:iron_ingot":1,"minecraft:flowering_azalea":1,"minecraft:smooth_basalt":11,"minecraft:pumpkin":22,"minecraft:sweet_berries":3,"minecraft:brush":1,"minecraft:gravel":144,"plentyofarmors:copper_leggings":1,"minecraft:amethyst_shard":4,"minecraft:spruce_sapling":12,"minecraft:spider_eye":7,"minecraft:leather_helmet":1,"minecraft:pumpkin_seeds":1,"minecraft:stone_axe":1,"minecraft:iron_helmet":1,"minecraft:melon_seeds":1,"minecraft:coal":57},"minecraft:mined":{"minecraft:granite":119,"minecraft:budding_amethyst":21,"minecraft:grass_block":811,"minecraft:deepslate_bricks":33,"minecraft:oak_wall_sign":1,"minecraft:raw_iron_block":2,"minecraft:iron_ore":115,"minecraft:pumpkin":33,"minecraft:deepslate_lapis_ore":15,"minecraft:oak_sign":5,"minecraft:dirt_path":1,"minecraft:gray_terracotta":16,"minecraft:powder_snow":20,"minecraft:clay":142,"minecraft:torch":13,"diagonalfences:minecraft/oak_fence":6,"minecraft:calcite":115,"minecraft:melon":47,"minecraft:chest":102,"minecraft:wall_torch":1,"minecraft:amethyst_block":150,"minecraft:deepslate_copper_ore":25,"minecraft:white_terracotta":43,"minecraft:blue_terracotta":3,"minecraft:birch_log":167,"minecraft:wheat":43,"minecraft:blue_ice":23,"minecraft:oak_log":369,"minecraft:dirt":147,"minecraft:smooth_basalt":45,"minecraft:raw_copper_block":3,"minecraft:deepslate":118,"minecraft:suspicious_gravel":61,"minecraft:deepslate_tiles":20,"minecraft:diamond_ore":5,"minecraft:tuff":35,"minecraft:deepslate_diamond_ore":1,"minecraft:dark_oak_log":29,"minecraft:decorated_pot":1,"minecraft:raw_gold_block":5,"minecraft:andesite":129,"minecraft:deepslate_iron_ore":34,"minecraft:packed_ice":27,"minecraft:stone":603,"minecraft:white_wool":1,"minecraft:podzol":159,"minecraft:snow_block":98,"minecraft:crafting_table":2,"minecraft:copper_ore":209,"minecraft:deepslate_coal_ore":20,"minecraft:deepslate_gold_ore":21,"minecraft:diorite":125,"minecraft:ice":5,"minecraft:spruce_log":32,"minecraft:coal_ore":69,"minecraft:gravel":317,"minecraft:dripstone_block":7,"minecraft:terracotta":18,"minecraft:gold_ore":19},"minecraft:custom":{"minecraft:animals_bred":1,"minecraft:interact_with_crafting_table":25,"minecraft:leave_game":4,"minecraft:time_since_death":139835,"minecraft:sprint_one_cm":168702,"minecraft:drop":174,"minecraft:play_time":565714,"minecraft:deaths":11,"minecraft:jump":2152,"minecraft:walk_on_water_one_cm":877,"minecraft:interact_with_furnace":18,"minecraft:sleep_in_bed":8,"minecraft:damage_dealt":34030,"minecraft:player_kills":2,"minecraft:crouch_one_cm":38238,"minecraft:mob_kills":204,"minecraft:climb_one_cm":2380,"minecraft:walk_one_cm":784180,"minecraft:damage_dealt_absorbed":40,"minecraft:sneak_time":22040,"minecraft:total_world_time":565714,"minecraft:pot_flower":2,"minecraft:interact_with_stonecutter":6,"minecraft:time_since_rest":63389,"minecraft:damage_taken":5146,"minecraft:fly_one_cm":1081392,"minecraft:open_chest":442,"minecraft:fall_one_cm":3745}},"DataVersion":3465}