{"stats":{"minecraft:killed":{"minecraft:witch":1,"born_in_chaos_v1:zombie_lumberjack":1,"graveyard:revenant":3,"minecraft:spider":1,"minecraft:vindicator":2,"the_rake:the_rake":1,"minecraft:slime":1,"born_in_chaos_v1:zombie_bruiser":1,"born_in_chaos_v1:maggot":1,"minecraft:skeleton":2,"born_in_chaos_v1:skeleton_thrasher":1,"born_in_chaos_v1:corpse_fish":4,"new_creepypasta_mod:momo":1,"born_in_chaos_v1:swarmer":1,"cursed_sheep:cursed_sheep":1,"born_in_chaos_v1:decrepit_skeleton":1,"minecraft:zombie":4,"born_in_chaos_v1:door_knight":1},"minecraft:picked_up":{"minecraft:coarse_dirt":3,"minecraft:iron_chestplate":4,"minecraft:crafting_table":10,"minecraft:wheat":7,"minecraft:redstone_block":5,"minecraft:chicken":1,"modernlife:motorboat_item":1,"minecraft:potion":1,"minecraft:white_carpet":6,"minecraft:string":39,"minecraft:iron_axe":2,"minecraft:iron_leggings":4,"minecraft:armor_stand":8,"minecraft:experience_bottle":2,"minecraft:cobbled_deepslate":953,"comforts:sleeping_bag_white":7,"comforts:sleeping_bag_purple":1,"minecraft:written_book":4,"minecraft:iron_pickaxe":2,"minecraft:coal_block":13,"minecraft:iron_boots":4,"minecraft:golden_helmet":2,"minecraft:stick":7,"minecraft:raw_iron":75,"born_in_chaos_v1:shattered_skull":1,"minecraft:oak_door":1,"minecraft:oak_fence":1,"minecraft:torch":10,"quark:slime_in_a_bucket":1,"born_in_chaos_v1:pieceofdarkmetal":3,"supplementaries:trapped_present_green":1,"minecraft:dark_oak_planks":12,"minecraft:arrow":3,"minecraft:rotten_flesh":8,"minecraft:diamond_boots":1,"minecraft:hay_block":17,"minecraft:iron_block":2,"minecraft:carved_pumpkin":1,"supplementaries:ash":86,"minecraft:gold_ingot":2,"minecraft:tadpole_bucket":2,"minecraft:iron_bars":9,"minecraft:snowball":2,"minecraft:cobblestone":19,"minecraft:stripped_oak_log":1,"minecraft:birch_log":6,"born_in_chaos_v1:corpse_maggot":1,"minecraft:leather_chestplate":1,"minecraft:cooked_beef":52,"minecraft:andesite":124,"minecraft:golden_leggings":1,"minecraft:potato":34,"minecraft:filled_map":1,"minecraft:birch_planks":15,"minecraft:tuff":146,"create:raw_zinc":29,"minecraft:lapis_lazuli":13,"minecraft:dirt":3,"minecraft:lantern":19,"minecraft:name_tag":1,"minecraft:leather_boots":1,"minecraft:red_carpet":8,"minecraft:bone":16,"minecraft:stone_bricks":6,"minecraft:bow":1,"minecraft:wheat_seeds":10,"minecraft:raw_gold":36,"minecraft:iron_ingot":26,"minecraft:stone_pickaxe":1,"minecraft:iron_sword":6,"minecraft:oak_planks":8,"quark:glass_item_frame":2,"minecraft:oak_pressure_plate":5,"minecraft:raw_iron_block":4,"minecraft:gravel":8,"minecraft:spruce_sapling":2,"minecraft:blast_furnace":4,"minecraft:white_bed":3,"minecraft:spruce_log":31,"minecraft:slime_ball":2,"minecraft:diamond":110,"minecraft:chainmail_leggings":1,"minecraft:iron_helmet":3,"minecraft:diamond_axe":1,"minecraft:emerald":2,"born_in_chaos_v1:rotten_fish":1,"minecraft:black_wool":3,"minecraft:coal":24,"minecraft:diamond_pickaxe":1},"minecraft:custom":{"lootr:looted_stat":16,"minecraft:mob_kills":29,"minecraft:interact_with_crafting_table":32,"minecraft:open_barrel":9,"minecraft:damage_dealt_resisted":2333,"minecraft:leave_game":5,"minecraft:time_since_death":3942,"minecraft:climb_one_cm":6426,"minecraft:damage_resisted":189,"minecraft:sprint_one_cm":99113,"minecraft:walk_one_cm":643208,"minecraft:drop":152,"minecraft:damage_dealt_absorbed":19,"minecraft:talked_to_villager":11,"minecraft:play_time":340225,"minecraft:sneak_time":14273,"minecraft:deaths":20,"minecraft:walk_under_water_one_cm":11404,"minecraft:boat_one_cm":13773,"minecraft:jump":1570,"minecraft:interact_with_blast_furnace":32,"minecraft:walk_on_water_one_cm":11650,"minecraft:total_world_time":340225,"minecraft:interact_with_furnace":3,"minecraft:traded_with_villager":2,"minecraft:sleep_in_bed":11,"minecraft:time_since_rest":3984,"minecraft:damage_taken":7065,"minecraft:damage_dealt":10619,"minecraft:player_kills":4,"minecraft:swim_one_cm":3391,"minecraft:fly_one_cm":139957,"minecraft:open_chest":8,"minecraft:crouch_one_cm":18205,"minecraft:interact_with_smoker":1,"minecraft:fall_one_cm":13870},"minecraft:used":{"minecraft:oak_fence":1,"minecraft:iron_bars":5,"minecraft:stone_sword":34,"minecraft:carved_pumpkin":5,"minecraft:armor_stand":4,"minecraft:spruce_planks":41,"minecraft:iron_sword":34,"quark:carrot_crate":1,"comforts:sleeping_bag_purple":1,"minecraft:stick":1,"minecraft:oak_door":1,"minecraft:torch":25,"minecraft:dirt":3,"minecraft:white_carpet":2,"minecraft:diamond_helmet":1,"quark:blossom_planks_slab":1,"minecraft:tuff":141,"horror_element_mod:crucified_body":1,"minecraft:glass":16,"minecraft:dark_oak_planks":7,"minecraft:lantern":24,"modernlife:motorboat_item":1,"minecraft:stone_bricks":6,"minecraft:diamond_chestplate":1,"minecraft:red_carpet":1,"minecraft:bow":3,"minecraft:hay_block":1,"minecraft:written_book":2,"comforts:sleeping_bag_white":7,"minecraft:cooked_beef":12,"minecraft:cobbled_deepslate":1206,"minecraft:water_bucket":10,"minecraft:diamond_boots":1,"minecraft:birch_planks":31,"minecraft:stone_pickaxe":130,"minecraft:oak_planks":2,"minecraft:wooden_pickaxe":11,"minecraft:leather_chestplate":1,"minecraft:diamond_axe":32,"minecraft:redstone_block":2,"minecraft:crafting_table":10,"minecraft:blast_furnace":3,"minecraft:white_bed":3,"quark:glass_item_frame":1,"minecraft:diamond_pickaxe":1140,"minecraft:black_wool":3,"minecraft:bread":16,"minecraft:iron_pickaxe":348,"minecraft:oak_pressure_plate":5,"minecraft:gravel":2,"create:honeyed_apple":3,"minecraft:stone_axe":19,"minecraft:diamond_sword":152,"minecraft:cobblestone":6,"quark:slime_in_a_bucket":1,"minecraft:andesite":121,"minecraft:bucket":11,"minecraft:coarse_dirt":3,"supplementaries:trapped_present_green":1,"minecraft:diamond_leggings":1,"minecraft:experience_bottle":2,"minecraft:chainmail_leggings":1},"minecraft:mined":{"minecraft:dark_oak_planks":10,"create:deepslate_zinc_ore":29,"minecraft:tuff":152,"minecraft:white_bed":3,"minecraft:deepslate_diamond_ore":106,"minecraft:grass_block":1,"minecraft:lever":1,"minecraft:redstone_wire":1,"minecraft:oak_pressure_plate":5,"minecraft:coal_block":13,"minecraft:spruce_leaves":11,"minecraft:hay_block":18,"minecraft:raw_iron_block":4,"minecraft:fire":2,"minecraft:iron_ore":6,"minecraft:cobbled_deepslate":70,"minecraft:andesite":123,"minecraft:deepslate_lapis_ore":2,"minecraft:deepslate_iron_ore":69,"minecraft:iron_bars":9,"minecraft:lantern":9,"minecraft:stone":14,"minecraft:iron_block":2,"supplementaries:wall_lantern":8,"minecraft:redstone_block":5,"minecraft:glass_pane":1,"minecraft:oak_fence":1,"minecraft:crafting_table":10,"minecraft:torch":3,"minecraft:blast_furnace":4,"minecraft:cobblestone":3,"minecraft:deepslate_gold_ore":27,"minecraft:oak_planks":4,"minecraft:wall_torch":5,"minecraft:birch_planks":16,"minecraft:coarse_dirt":3,"minecraft:birch_log":7,"minecraft:white_carpet":1,"minecraft:spruce_log":13,"minecraft:birch_leaves":5,"minecraft:coal_ore":25,"minecraft:gravel":9,"minecraft:dirt":2,"minecraft:cobweb":34,"minecraft:stone_bricks":6,"minecraft:deepslate":895},"minecraft:dropped":{"minecraft:water_bucket":1,"minecraft:iron_sword":6,"minecraft:birch_planks":1,"minecraft:wheat_seeds":7,"minecraft:golden_helmet":1,"minecraft:cooked_beef":54,"minecraft:diamond_leggings":1,"minecraft:iron_helmet":3,"minecraft:cobblestone":5,"minecraft:red_carpet":6,"minecraft:stick":8,"minecraft:emerald":4,"minecraft:torch":1,"minecraft:diamond_helmet":1,"minecraft:potion":1,"minecraft:iron_leggings":4,"minecraft:iron_axe":1,"minecraft:iron_pickaxe":1,"minecraft:chainmail_leggings":1,"minecraft:dark_oak_planks":5,"minecraft:string":1,"minecraft:bone":1,"minecraft:spruce_sapling":1,"minecraft:armor_stand":4,"minecraft:gravel":6,"minecraft:stone_axe":1,"minecraft:cobbled_deepslate":384,"minecraft:tuff":5,"minecraft:wheat":2,"create:rose_quartz_lamp":1,"born_in_chaos_v1:rotten_fish":1,"minecraft:chicken":1,"minecraft:white_carpet":4,"minecraft:rotten_flesh":8,"minecraft:oak_planks":6,"minecraft:iron_boots":3,"create:experience_nugget":5,"modernlife:motorboat_item":2,"minecraft:glass_pane":15,"minecraft:filled_map":2,"minecraft:leather_chestplate":1,"supplementaries:ash":13,"minecraft:potato":34,"minecraft:diamond_chestplate":1,"minecraft:diamond_pickaxe":2,"minecraft:iron_chestplate":4,"create:honeyed_apple":1,"minecraft:andesite":3,"born_in_chaos_v1:corpse_maggot":1,"minecraft:leather_boots":2,"minecraft:golden_leggings":1,"comforts:sleeping_bag_white":2,"minecraft:diamond_boots":2,"minecraft:iron_bars":4,"minecraft:wooden_pickaxe":1,"minecraft:glass":3,"minecraft:stone_pickaxe":1,"minecraft:written_book":2},"minecraft:crafted":{"minecraft:raw_iron":36,"minecraft:coal":162,"comforts:sleeping_bag_white":3,"minecraft:glass_pane":16,"modernlife:motorboat_item":1,"minecraft:diamond_helmet":2,"minecraft:diamond_leggings":2,"minecraft:iron_boots":1,"minecraft:stone_pickaxe":1,"minecraft:diamond_boots":2,"minecraft:wheat":144,"minecraft:coal_block":18,"minecraft:diamond_sword":1,"quark:pathfinders_quill":2,"minecraft:diamond_axe":1,"minecraft:crafting_table":1,"minecraft:spruce_planks":116,"minecraft:wooden_pickaxe":1,"minecraft:birch_planks":24,"minecraft:stone_axe":1,"minecraft:bread":62,"minecraft:air":0,"minecraft:white_wool":9,"minecraft:diamond_pickaxe":4,"minecraft:stick":24,"minecraft:iron_ingot":120,"minecraft:iron_pickaxe":1,"minecraft:iron_block":15,"minecraft:stone_sword":1,"minecraft:gold_ingot":36,"minecraft:torch":16,"minecraft:diamond_chestplate":2},"minecraft:killed_by":{"cursed_sheep:cursed_sheep":1,"minecraft:player":2,"pale_hound:pale_hound":1,"minecraft:creeper":1,"the_impersonator:the_impersonator":1,"the_rake:the_rake":1,"cartoon_dweller:cartoon_dweller":1,"minecraft:vindicator":6,"mimic_dweller:mimic_dweller":3,"mokey:mokey":1,"torture:torture":1},"minecraft:broken":{"minecraft:stone_pickaxe":1,"minecraft:leather_boots":1,"minecraft:iron_pickaxe":2}},"DataVersion":3120}