{"stats":{"minecraft:used":{"minecraft:wheat_seeds":1,"minecraft:stone_sword":1,"minecraft:stone_pickaxe":106,"minecraft:stone_shovel":183,"minecraft:chest":8,"minecraft:wooden_pickaxe":47,"minecraft:wooden_shovel":217,"minecraft:torch":16,"minecraft:dirt":99,"minecraft:crafting_table":2,"minecraft:mushroom_stew":3,"minecraft:wooden_axe":110,"minecraft:bedrock":18,"minecraft:stone_axe":105,"minecraft:oak_sapling":2,"minecraft:birch_log":1},"minecraft:picked_up":{"minecraft:birch_log":39,"minecraft:crafting_table":1,"minecraft:feather":1,"minecraft:chicken":1,"minecraft:ladder":3,"minecraft:clay_ball":152,"minecraft:andesite":15,"minecraft:wooden_pickaxe":1,"minecraft:mushroom_stew":14,"minecraft:flint":5,"minecraft:oak_log":98,"minecraft:spider_spawn_egg":1,"minecraft:amethyst_block":5,"minecraft:dirt":289,"minecraft:string":3,"minecraft:raw_copper":99,"minecraft:wheat_seeds":1,"minecraft:calcite":5,"minecraft:wooden_shovel":2,"minecraft:melon_slice":76,"minecraft:chest":23,"minecraft:egg":1,"minecraft:raw_iron":7,"minecraft:smooth_basalt":2,"minecraft:pumpkin":8,"minecraft:torch":6,"minecraft:gravel":59,"minecraft:porkchop":3,"minecraft:diorite":4,"minecraft:carrot":1,"minecraft:chicken_spawn_egg":1,"minecraft:rotten_flesh":9,"minecraft:light_blue_wool":1,"minecraft:granite":5,"minecraft:oak_sapling":1,"minecraft:mutton":2,"minecraft:coal":7,"minecraft:cobblestone":75},"minecraft:mined":{"minecraft:podzol":43,"minecraft:crafting_table":1,"minecraft:clay":41,"minecraft:torch":4,"minecraft:granite":5,"minecraft:grass_block":236,"minecraft:calcite":5,"minecraft:melon":15,"minecraft:chest":26,"minecraft:copper_ore":26,"minecraft:diorite":4,"minecraft:wall_torch":1,"minecraft:amethyst_block":5,"minecraft:birch_log":39,"minecraft:iron_ore":7,"minecraft:wheat":1,"minecraft:andesite":15,"minecraft:pumpkin":8,"minecraft:oak_log":103,"minecraft:coal_ore":7,"minecraft:dirt_path":1,"minecraft:gravel":73,"minecraft:dirt":39,"minecraft:smooth_basalt":2,"minecraft:stone":75},"minecraft:killed":{"minecraft:pig":1,"minecraft:spider":3,"minecraft:sheep":1,"minecraft:zombie":6,"minecraft:chicken":1},"minecraft:crafted":{"minecraft:wooden_sword":1,"minecraft:oak_planks":36,"minecraft:wooden_shovel":2,"minecraft:stone_shovel":2,"minecraft:crafting_table":1,"minecraft:wooden_pickaxe":1,"minecraft:birch_planks":24,"minecraft:stone_axe":1,"minecraft:stick":64,"minecraft:stone_pickaxe":1,"minecraft:wooden_axe":2,"minecraft:stone_sword":1,"minecraft:torch":8,"minecraft:clay":38},"minecraft:broken":{"minecraft:wooden_shovel":3,"minecraft:wooden_axe":2,"minecraft:stone_shovel":1},"minecraft:custom":{"minecraft:mob_kills":12,"minecraft:interact_with_crafting_table":16,"minecraft:leave_game":1,"minecraft:time_since_death":64630,"minecraft:climb_one_cm":2380,"minecraft:time_since_rest":64630,"minecraft:sprint_one_cm":2311,"minecraft:damage_taken":165,"minecraft:walk_one_cm":61872,"minecraft:drop":19,"minecraft:damage_dealt":2265,"minecraft:fly_one_cm":9422,"minecraft:open_chest":182,"minecraft:crouch_one_cm":15973,"minecraft:play_time":64630,"minecraft:sneak_time":5015,"minecraft:jump":141,"minecraft:total_world_time":64630,"minecraft:fall_one_cm":1010},"minecraft:dropped":{"minecraft:rotten_flesh":9,"minecraft:carrot":1,"minecraft:mushroom_stew":7,"minecraft:oak_sapling":1,"minecraft:chest":16,"minecraft:wooden_shovel":1,"minecraft:wooden_sword":1,"minecraft:wooden_pickaxe":2}},"DataVersion":3465}