{"stats":{"minecraft:used":{"minecraft:crafting_table":1,"minecraft:wooden_pickaxe":3},"minecraft:dropped":{"minecraft:sugar_cane":3},"minecraft:crafted":{"minecraft:crafting_table":1,"minecraft:wooden_pickaxe":1,"minecraft:jungle_planks":16},"minecraft:mined":{"minecraft:short_grass":1,"minecraft:cactus":4,"minecraft:cocoa":1,"minecraft:vine":1,"minecraft:jungle_log":5,"minecraft:dead_bush":9,"minecraft:sea_pickle":2,"minecraft:stone":3},"minecraft:picked_up":{"minecraft:cocoa_beans":6,"minecraft:stick":8,"minecraft:cactus":14,"minecraft:sea_pickle":5,"minecraft:jungle_log":5,"minecraft:sugar_cane":3,"minecraft:cobblestone":3},"minecraft:custom":{"minecraft:time_since_rest":7471,"minecraft:damage_taken":20,"minecraft:play_time":7471,"minecraft:sprint_one_cm":16505,"minecraft:walk_one_cm":12681,"minecraft:sneak_time":38,"minecraft:drop":1,"minecraft:jump":179,"minecraft:leave_game":3,"minecraft:time_since_death":7471,"minecraft:walk_on_water_one_cm":312,"minecraft:total_world_time":7471,"minecraft:climb_one_cm":90,"minecraft:interact_with_crafting_table":2,"minecraft:fall_one_cm":6343,"minecraft:fly_one_cm":39276}},"DataVersion":3953}