{"stats":{"minecraft:used":{"minecraft:oak_fence":7,"minecraft:stone_sword":1,"minecraft:stone_shovel":259,"minecraft:chest":8,"minecraft:wooden_shovel":217,"minecraft:torch":19,"minecraft:dirt":251,"piercingpaxels:iron_paxel":1264,"piercingpaxels:stone_paxel":483,"minecraft:wooden_axe":110,"minecraft:green_wool":1,"minecraft:iron_helmet":1,"minecraft:bedrock":23,"minecraft:magenta_wool":1,"minecraft:oak_sapling":2,"minecraft:egg":3,"minecraft:cooked_beef":8,"minecraft:wheat_seeds":1,"minecraft:stone_pickaxe":159,"minecraft:wooden_pickaxe":49,"minecraft:white_wool":2,"minecraft:crafting_table":3,"minecraft:mushroom_stew":12,"minecraft:white_bed":1,"minecraft:stone_axe":156,"minecraft:wooden_sword":2,"minecraft:birch_log":1},"minecraft:picked_up":{"minecraft:crafting_table":2,"minecraft:chicken":1,"minecraft:ladder":3,"minecraft:clay_ball":152,"minecraft:wooden_pickaxe":1,"minecraft:spider_spawn_egg":1,"minecraft:amethyst_block":5,"minecraft:string":4,"minecraft:raw_copper":543,"minecraft:magenta_wool":1,"minecraft:cobbled_deepslate":3,"minecraft:beef":13,"minecraft:calcite":5,"minecraft:wooden_shovel":2,"minecraft:melon_slice":76,"minecraft:chest":23,"minecraft:raw_copper_block":3,"minecraft:egg":5,"minecraft:tipped_arrow":1,"minecraft:raw_iron":7,"minecraft:copper_ingot":6,"minecraft:oak_fence":5,"minecraft:torch":7,"minecraft:porkchop":12,"minecraft:diorite":4,"minecraft:carrot":1,"minecraft:chicken_spawn_egg":1,"minecraft:arrow":4,"minecraft:rotten_flesh":10,"minecraft:stone_shovel":1,"minecraft:light_blue_wool":1,"minecraft:green_wool":1,"minecraft:white_terracotta":4,"minecraft:mutton":15,"minecraft:white_wool":6,"minecraft:cobblestone":79,"minecraft:birch_log":39,"minecraft:feather":3,"minecraft:cooked_beef":4,"minecraft:andesite":15,"minecraft:leather":4,"minecraft:mushroom_stew":14,"minecraft:flint":5,"minecraft:oak_log":98,"minecraft:lapis_lazuli":52,"minecraft:dirt":298,"minecraft:bone":5,"minecraft:gray_terracotta":2,"minecraft:wheat_seeds":1,"minecraft:rabbit_hide":1,"minecraft:stone_pickaxe":1,"minecraft:rabbit":1,"minecraft:smooth_basalt":2,"minecraft:pumpkin":8,"minecraft:gravel":59,"piercingpaxels:stone_paxel":1,"minecraft:spider_eye":1,"minecraft:diamond":1,"minecraft:stone_axe":1,"minecraft:iron_helmet":1,"minecraft:granite":5,"minecraft:oak_sapling":1,"minecraft:coal":7},"minecraft:mined":{"minecraft:deepslate_tiles":10,"minecraft:diamond_ore":5,"minecraft:tuff":23,"minecraft:dark_oak_log":12,"minecraft:budding_amethyst":17,"minecraft:granite":76,"minecraft:grass_block":365,"minecraft:deepslate_bricks":18,"minecraft:raw_iron_block":1,"minecraft:raw_gold_block":5,"minecraft:iron_ore":67,"minecraft:andesite":81,"minecraft:pumpkin":12,"minecraft:deepslate_lapis_ore":8,"minecraft:deepslate_iron_ore":21,"minecraft:dirt_path":1,"minecraft:packed_ice":25,"minecraft:stone":322,"minecraft:white_wool":1,"minecraft:podzol":67,"minecraft:gray_terracotta":8,"minecraft:snow_block":94,"minecraft:powder_snow":15,"minecraft:clay":58,"minecraft:crafting_table":2,"minecraft:torch":5,"diagonalfences:minecraft/oak_fence":6,"minecraft:calcite":77,"minecraft:melon":19,"minecraft:chest":52,"minecraft:copper_ore":114,"minecraft:deepslate_coal_ore":19,"minecraft:deepslate_gold_ore":20,"minecraft:diorite":79,"minecraft:wall_torch":1,"minecraft:amethyst_block":95,"minecraft:deepslate_copper_ore":15,"minecraft:white_terracotta":31,"minecraft:blue_terracotta":3,"minecraft:birch_log":72,"minecraft:wheat":1,"minecraft:ice":5,"minecraft:blue_ice":22,"minecraft:spruce_log":26,"minecraft:coal_ore":36,"minecraft:oak_log":156,"minecraft:dripstone_block":7,"minecraft:dirt":96,"minecraft:gravel":151,"minecraft:smooth_basalt":36,"minecraft:terracotta":18,"minecraft:raw_copper_block":3,"minecraft:gold_ore":11,"minecraft:deepslate":79,"minecraft:suspicious_gravel":51},"minecraft:killed_by":{"minecraft:spider":1},"minecraft:killed":{"minecraft:spider":7,"minecraft:skeleton":1,"minecraft:fox":1,"minecraft:chicken":1,"minecraft:pig":5,"minecraft:rabbit":1,"minecraft:sheep":10,"minecraft:goat":4,"minecraft:zombie":12,"minecraft:mooshroom":1,"minecraft:stray":6,"minecraft:player":2,"minecraft:cow":4},"minecraft:crafted":{"minecraft:wooden_sword":1,"minecraft:oak_planks":36,"minecraft:stone_shovel":2,"piercingpaxels:stone_paxel":1,"minecraft:stone_pickaxe":2,"minecraft:stone_hoe":1,"minecraft:cooked_beef":9,"minecraft:wooden_shovel":2,"minecraft:crafting_table":1,"minecraft:wooden_pickaxe":1,"minecraft:birch_planks":24,"minecraft:stone_axe":2,"minecraft:air":0,"minecraft:stick":76,"minecraft:wooden_axe":2,"minecraft:stone_sword":2,"minecraft:white_bed":1,"minecraft:torch":8,"minecraft:clay":38},"minecraft:broken":{"minecraft:wooden_shovel":3,"minecraft:stone_pickaxe":1,"minecraft:stone_axe":1,"minecraft:wooden_axe":2,"minecraft:stone_shovel":1},"minecraft:custom":{"minecraft:mob_kills":54,"minecraft:interact_with_crafting_table":21,"minecraft:leave_game":2,"minecraft:time_since_death":0,"minecraft:climb_one_cm":2380,"minecraft:sprint_one_cm":8966,"minecraft:walk_one_cm":201959,"minecraft:drop":86,"minecraft:play_time":149862,"minecraft:deaths":3,"minecraft:sneak_time":9319,"minecraft:jump":332,"minecraft:walk_on_water_one_cm":658,"minecraft:total_world_time":149862,"minecraft:interact_with_furnace":3,"minecraft:time_since_rest":566,"minecraft:damage_taken":2294,"minecraft:damage_dealt":9680,"minecraft:fly_one_cm":18583,"minecraft:player_kills":2,"minecraft:open_chest":274,"minecraft:crouch_one_cm":28564,"minecraft:fall_one_cm":3146},"minecraft:dropped":{"minecraft:porkchop":9,"minecraft:lapis_lazuli":52,"minecraft:diamond":1,"minecraft:oak_fence":3,"minecraft:feather":2,"minecraft:cobblestone":17,"minecraft:leather":4,"minecraft:copper_ingot":12,"minecraft:mushroom_stew":11,"minecraft:stick":3,"minecraft:dirt":67,"minecraft:raw_copper_block":6,"minecraft:mutton":11,"minecraft:rabbit":1,"minecraft:wooden_sword":2,"minecraft:string":1,"minecraft:birch_log":2,"minecraft:white_wool":1,"minecraft:bone":3,"minecraft:stone_axe":1,"minecraft:cobbled_deepslate":3,"minecraft:stone_sword":1,"minecraft:raw_copper":887,"minecraft:bowl":3,"minecraft:stone_shovel":1,"minecraft:rotten_flesh":9,"minecraft:oak_planks":50,"minecraft:white_terracotta":4,"minecraft:carrot":2,"minecraft:rabbit_hide":1,"minecraft:tipped_arrow":1,"minecraft:gray_terracotta":2,"minecraft:wooden_shovel":2,"minecraft:chest":19,"minecraft:oak_sapling":2,"minecraft:spider_eye":1,"minecraft:spruce_log":2,"minecraft:beef":13,"minecraft:arrow":4,"minecraft:stone_pickaxe":2,"minecraft:wooden_pickaxe":3,"minecraft:egg":1}},"DataVersion":3465}