{"stats":{"minecraft:killed_by":{"minecraft:skeleton":4,"minecraft:zombie":1},"minecraft:custom":{"minecraft:mob_kills":41,"minecraft:interact_with_crafting_table":29,"minecraft:open_barrel":45,"minecraft:time_since_death":42590,"minecraft:sprint_one_cm":174120,"minecraft:walk_one_cm":291659,"minecraft:damage_blocked_by_shield":1080,"minecraft:drop":75,"minecraft:talked_to_villager":3,"minecraft:play_time":121954,"minecraft:deaths":5,"minecraft:sneak_time":5345,"minecraft:walk_under_water_one_cm":14771,"minecraft:interact_with_lectern":3,"minecraft:boat_one_cm":136488,"minecraft:jump":1771,"minecraft:walk_on_water_one_cm":12385,"minecraft:total_world_time":121954,"minecraft:interact_with_furnace":27,"minecraft:interact_with_loom":1,"minecraft:pot_flower":1,"minecraft:interact_with_stonecutter":3,"minecraft:interact_with_grindstone":1,"minecraft:sleep_in_bed":8,"minecraft:time_since_rest":11074,"minecraft:damage_taken":2378,"minecraft:damage_dealt":5908,"minecraft:swim_one_cm":28263,"minecraft:fly_one_cm":558915,"minecraft:open_chest":68,"minecraft:crouch_one_cm":4407,"minecraft:interact_with_smoker":35,"minecraft:fall_one_cm":47029},"minecraft:crafted":{"minecraft:wooden_sword":1,"minecraft:oak_planks":148,"minecraft:cooked_chicken":2,"minecraft:furnace":2,"minecraft:warped_planks":4,"minecraft:bow":1,"minecraft:iron_boots":2,"minecraft:stone_pickaxe":1,"minecraft:chest":2,"minecraft:smoker":1,"minecraft:cooked_beef":46,"minecraft:crafting_table":4,"minecraft:baked_potato":61,"minecraft:wooden_pickaxe":1,"minecraft:iron_helmet":1,"minecraft:stone_axe":3,"minecraft:air":0,"minecraft:light_gray_bed":1,"minecraft:oak_boat":1,"minecraft:iron_chestplate":2,"minecraft:shield":4,"minecraft:stick":20,"minecraft:iron_ingot":23,"minecraft:iron_pickaxe":2,"minecraft:stone_sword":1,"minecraft:iron_leggings":1,"minecraft:black_bed":1,"minecraft:white_bed":1,"minecraft:light_gray_dye":3,"minecraft:torch":24},"minecraft:mined":{"minecraft:dark_prismarine":1,"minecraft:mossy_cobblestone":1,"minecraft:cobbled_deepslate_stairs":1,"minecraft:andesite_stairs":1,"minecraft:budding_amethyst":5,"minecraft:grass_block":3,"minecraft:light_gray_bed":1,"minecraft:purple_stained_glass_pane":1,"minecraft:soul_soil":2,"minecraft:polished_blackstone_brick_slab":1,"minecraft:stripped_warped_hyphae":1,"minecraft:moss_block":2,"minecraft:kelp":1,"minecraft:oxeye_daisy":1,"minecraft:sandstone":1,"minecraft:polished_blackstone_bricks":1,"minecraft:spawner":8,"minecraft:hay_block":6,"minecraft:diorite_slab":1,"minecraft:furnace":3,"minecraft:barrel":1,"minecraft:iron_ore":17,"minecraft:fire":1,"minecraft:andesite":1,"minecraft:black_concrete":1,"minecraft:azure_bluet":2,"minecraft:bookshelf":16,"minecraft:vine":1,"minecraft:spruce_pressure_plate":2,"minecraft:packed_ice":2,"minecraft:smooth_sandstone_stairs":7,"minecraft:stone":92,"minecraft:spruce_slab":2,"minecraft:birch_pressure_plate":1,"minecraft:oak_slab":2,"minecraft:hanging_roots":1,"minecraft:amethyst_cluster":2,"minecraft:smoker":2,"minecraft:stripped_dark_oak_log":1,"minecraft:smooth_sandstone":8,"visualworkbench:minecraft/crafting_table":2,"minecraft:torch":2,"minecraft:lectern":1,"minecraft:chest":1,"minecraft:short_grass":6,"minecraft:spruce_button":2,"minecraft:emerald_ore":16,"minecraft:calcite":5,"minecraft:white_stained_glass_pane":1,"minecraft:tall_grass":1,"minecraft:cobblestone":7,"minecraft:lily_pad":1,"minecraft:oak_planks":11,"minecraft:diorite":2,"minecraft:wall_torch":2,"minecraft:amethyst_block":5,"minecraft:spruce_stairs":5,"minecraft:dark_oak_slab":3,"minecraft:stripped_spruce_wood":1,"minecraft:warped_planks":10,"minecraft:sea_pickle":3,"minecraft:orange_tulip":1,"minecraft:black_bed":5,"minecraft:black_wool":3,"minecraft:ochre_froglight":4,"minecraft:oak_log":43,"minecraft:coal_ore":110,"minecraft:flower_pot":1,"minecraft:gray_carpet":4,"minecraft:lodestone":1,"minecraft:cobweb":3,"minecraft:stone_bricks":5,"minecraft:stonecutter":1,"minecraft:deepslate":2,"minecraft:oak_leaves":10},"minecraft:picked_up":{"minecraft:crafting_table":8,"minecraft:black_carpet":1,"minecraft:azure_bluet":2,"minecraft:flower_pot":1,"minecraft:stripped_warped_hyphae":1,"minecraft:chicken":2,"minecraft:anvil":1,"minecraft:diorite_slab":1,"minecraft:golden_shovel":4,"minecraft:stone_brick_stairs":1,"minecraft:shield":7,"minecraft:amethyst_block":2,"minecraft:soul_soil":1,"minecraft:string":29,"minecraft:moss_carpet":1,"minecraft:sea_pickle":24,"minecraft:cobbled_deepslate":1,"minecraft:beef":44,"minecraft:oak_boat":3,"minecraft:lectern":1,"minecraft:calcite":5,"minecraft:poppy":2,"minecraft:iron_pickaxe":4,"minecraft:enchanted_golden_apple":2,"minecraft:sugar_cane":58,"minecraft:polished_blackstone_brick_slab":1,"minecraft:egg":1,"minecraft:furnace":7,"minecraft:spruce_pressure_plate":2,"minecraft:golden_helmet":2,"minecraft:raw_iron":70,"minecraft:stick":44,"minecraft:sandstone":9,"minecraft:torch":46,"minecraft:spruce_stairs":2,"minecraft:porkchop":9,"minecraft:polished_blackstone_bricks":1,"minecraft:warped_planks":10,"minecraft:diorite":2,"minecraft:carrot":10,"minecraft:golden_chestplate":3,"minecraft:stone_sword":1,"minecraft:arrow":78,"minecraft:light_gray_bed":2,"minecraft:rotten_flesh":11,"minecraft:hay_block":17,"minecraft:gold_ingot":13,"minecraft:black_banner":1,"minecraft:iron_bars":1,"minecraft:mutton":8,"minecraft:cobblestone":398,"minecraft:white_wool":5,"minecraft:oxeye_daisy":1,"minecraft:feather":10,"minecraft:cooked_beef":198,"minecraft:andesite":1,"minecraft:black_bed":7,"minecraft:leather":79,"minecraft:smoker":6,"minecraft:smooth_sandstone_stairs":7,"minecraft:potato":167,"minecraft:ochre_froglight":4,"minecraft:lily_pad":1,"minecraft:oak_log":60,"minecraft:stripped_spruce_wood":1,"minecraft:cobbled_deepslate_stairs":1,"minecraft:gunpowder":3,"minecraft:lapis_lazuli":8,"minecraft:dirt":3,"minecraft:birch_pressure_plate":1,"minecraft:cooked_mutton":30,"minecraft:bone":123,"minecraft:gray_carpet":4,"minecraft:bow":4,"minecraft:stone_bricks":6,"minecraft:apple":108,"minecraft:kelp":1,"minecraft:stonecutter":4,"minecraft:orange_tulip":1,"minecraft:wheat_seeds":5,"minecraft:iron_ingot":35,"minecraft:iron_sword":3,"minecraft:oak_planks":359,"minecraft:book":38,"minecraft:oak_slab":3,"minecraft:dark_oak_slab":6,"minecraft:cooked_porkchop":23,"minecraft:amethyst_shard":118,"minecraft:barrel":1,"minecraft:mossy_cobblestone":1,"minecraft:dark_prismarine":1,"minecraft:black_concrete_powder":1,"minecraft:diamond":6,"minecraft:black_concrete":1,"minecraft:stone_axe":6,"minecraft:polished_blackstone_button":2,"minecraft:iron_helmet":1,"minecraft:spruce_button":2,"minecraft:emerald":106,"minecraft:bread":108,"minecraft:lodestone":1,"minecraft:oak_sapling":24,"minecraft:black_wool":3,"minecraft:stripped_dark_oak_log":1,"minecraft:coal":648,"minecraft:diamond_pickaxe":1},"minecraft:killed":{"minecraft:horse":2,"minecraft:skeleton":7,"minecraft:chicken":2,"minecraft:drowned":2,"minecraft:iron_golem":1,"minecraft:sheep":3,"minecraft:zombie":3,"minecraft:cow":20},"minecraft:dropped":{"minecraft:bread":33,"minecraft:iron_sword":3,"minecraft:wheat_seeds":5,"minecraft:lapis_lazuli":4,"minecraft:golden_helmet":1,"minecraft:oak_log":17,"minecraft:iron_helmet":2,"minecraft:dark_oak_slab":2,"minecraft:feather":2,"minecraft:cobblestone":30,"minecraft:book":31,"minecraft:amethyst_block":2,"minecraft:polished_blackstone_button":2,"minecraft:black_banner":1,"minecraft:coal":64,"minecraft:stick":4,"minecraft:dirt":1,"minecraft:lodestone":1,"minecraft:iron_leggings":1,"minecraft:amethyst_shard":4,"minecraft:wooden_sword":1,"minecraft:iron_pickaxe":1,"minecraft:black_concrete":1,"minecraft:string":2,"minecraft:bone":83,"minecraft:gold_ingot":2,"minecraft:furnace":3,"minecraft:kelp":1,"minecraft:golden_chestplate":2,"minecraft:stone_sword":1,"minecraft:black_carpet":1,"minecraft:rotten_flesh":10,"minecraft:iron_boots":1,"minecraft:oak_planks":1,"minecraft:cooked_mutton":30,"minecraft:potato":32,"minecraft:hay_block":3,"minecraft:shield":4,"minecraft:black_concrete_powder":1,"minecraft:iron_chestplate":1,"minecraft:oak_boat":1,"minecraft:oak_sapling":23,"minecraft:light_gray_dye":2,"minecraft:bow":1,"minecraft:stone_pickaxe":1,"minecraft:wooden_pickaxe":1},"minecraft:used":{"minecraft:moss_carpet":1,"minecraft:polished_blackstone_brick_slab":1,"minecraft:stone_sword":17,"minecraft:poppy":2,"minecraft:chest":2,"minecraft:shield":21,"minecraft:iron_sword":25,"minecraft:cooked_chicken":2,"minecraft:iron_chestplate":1,"minecraft:torch":42,"minecraft:dirt":2,"minecraft:birch_pressure_plate":1,"minecraft:spruce_stairs":2,"minecraft:iron_axe":46,"minecraft:dark_oak_slab":2,"minecraft:barrel":1,"minecraft:stone_bricks":1,"minecraft:bow":2,"minecraft:hay_block":3,"minecraft:furnace":1,"minecraft:oak_sapling":1,"minecraft:egg":1,"minecraft:cooked_beef":15,"minecraft:light_gray_bed":3,"minecraft:stripped_spruce_wood":1,"minecraft:calcite":5,"minecraft:diorite":2,"minecraft:gray_carpet":4,"minecraft:stone_pickaxe":124,"minecraft:oak_planks":32,"minecraft:orange_tulip":1,"minecraft:wooden_pickaxe":3,"minecraft:sandstone":2,"minecraft:polished_blackstone_bricks":1,"minecraft:mossy_cobblestone":1,"minecraft:stripped_dark_oak_log":1,"minecraft:oak_slab":3,"minecraft:crafting_table":7,"minecraft:ochre_froglight":4,"minecraft:black_bed":5,"minecraft:warped_planks":6,"minecraft:smoker":2,"minecraft:dark_prismarine":1,"minecraft:flower_pot":1,"minecraft:iron_pickaxe":192,"minecraft:spruce_pressure_plate":1,"minecraft:lectern":1,"minecraft:stone_axe":104,"minecraft:fire_charge":1,"minecraft:wooden_sword":4,"minecraft:cobblestone":17,"minecraft:andesite":1,"minecraft:diamond_leggings":1,"minecraft:diorite_slab":1}},"DataVersion":3953}