{"stats":{"minecraft:dropped":{"minecraft:spruce_sign":12,"minecraft:bread":3,"minecraft:wheat_seeds":1,"minecraft:cobbled_deepslate_stairs":1,"minecraft:oak_log":6,"minecraft:purple_dye":1,"minecraft:spruce_stairs":2,"minecraft:stick":1,"minecraft:dirt":8,"minecraft:mutton":1,"minecraft:iron_leggings":1,"minecraft:polished_blackstone_bricks":1,"minecraft:bone":13,"minecraft:cobbled_deepslate":4,"minecraft:smooth_sandstone_stairs":1,"minecraft:stone_slab":2,"minecraft:warped_planks":3,"minecraft:shield":1,"minecraft:diamond_chestplate":1,"minecraft:andesite":1,"minecraft:oak_sapling":4,"minecraft:azalea":2,"minecraft:sandstone":1,"minecraft:arrow":27,"minecraft:stone_pickaxe":1,"minecraft:wooden_pickaxe":2,"minecraft:stripped_spruce_wood":2,"minecraft:dark_prismarine":1},"minecraft:crafted":{"minecraft:oak_planks":20,"minecraft:raw_iron":36,"minecraft:coal":9,"minecraft:purple_bed":1,"minecraft:furnace":1,"minecraft:iron_axe":1,"minecraft:red_dye":1,"minecraft:crafting_table":3,"minecraft:spruce_planks":56,"minecraft:wooden_pickaxe":1,"minecraft:baked_potato":26,"minecraft:air":0,"minecraft:blue_dye":1,"minecraft:iron_chestplate":1,"minecraft:purple_dye":2,"minecraft:shield":2,"minecraft:stick":8,"minecraft:iron_ingot":55,"minecraft:iron_pickaxe":1},"minecraft:mined":{"minecraft:dark_prismarine":1,"minecraft:stripped_warped_stem":1,"minecraft:tuff":2,"minecraft:spruce_planks":11,"minecraft:cobbled_deepslate_stairs":3,"minecraft:andesite_stairs":1,"minecraft:grass_block":6,"minecraft:stone_brick_wall":1,"minecraft:coal_block":1,"minecraft:soul_soil":1,"minecraft:spruce_leaves":2,"minecraft:spawner":12,"minecraft:large_fern":2,"minecraft:hay_block":1,"minecraft:raw_iron_block":2,"minecraft:furnace":1,"minecraft:iron_ore":6,"minecraft:cobbled_deepslate":5,"minecraft:anvil":1,"minecraft:gold_block":5,"minecraft:iron_bars":1,"minecraft:smooth_sandstone_stairs":2,"minecraft:stone":96,"minecraft:spruce_slab":1,"minecraft:smooth_sandstone":6,"minecraft:short_grass":5,"minecraft:emerald_ore":4,"minecraft:calcite":1,"minecraft:poppy":1,"minecraft:tall_grass":2,"minecraft:cobblestone":9,"minecraft:spruce_stairs":2,"minecraft:stone_stairs":1,"minecraft:purple_bed":2,"minecraft:stripped_spruce_wood":3,"minecraft:warped_planks":6,"minecraft:spruce_log":14,"minecraft:black_bed":1,"minecraft:dark_prismarine_slab":1,"minecraft:oak_log":11,"minecraft:coal_ore":31,"minecraft:ochre_froglight":1,"minecraft:dirt":8,"minecraft:lodestone":1,"minecraft:stone_bricks":1,"minecraft:oak_leaves":7,"minecraft:deepslate":10},"minecraft:picked_up":{"minecraft:anvil":1,"minecraft:stone_slab":2,"minecraft:wooden_pickaxe":1,"minecraft:stone_brick_wall":1,"minecraft:gold_block":8,"minecraft:stone_stairs":1,"minecraft:soul_soil":1,"minecraft:cobbled_deepslate":11,"minecraft:stripped_warped_stem":1,"minecraft:spruce_planks":11,"minecraft:andesite_stairs":1,"minecraft:azalea":1,"minecraft:poppy":1,"minecraft:coal_block":1,"minecraft:furnace":1,"minecraft:raw_iron":48,"minecraft:stick":3,"minecraft:sandstone":6,"minecraft:spruce_stairs":2,"minecraft:polished_blackstone_bricks":1,"minecraft:warped_planks":6,"minecraft:stone_sword":1,"minecraft:arrow":26,"minecraft:diamond_chestplate":1,"minecraft:mutton":1,"minecraft:iron_bars":1,"minecraft:white_wool":1,"minecraft:cobblestone":110,"minecraft:andesite":1,"minecraft:black_bed":1,"minecraft:ochre_froglight":1,"minecraft:smooth_sandstone_stairs":2,"minecraft:tuff":2,"minecraft:stripped_spruce_wood":2,"minecraft:oak_log":11,"minecraft:cobbled_deepslate_stairs":3,"minecraft:dirt":13,"minecraft:lantern":4,"minecraft:bone":21,"minecraft:stone_bricks":1,"minecraft:bow":1,"minecraft:wheat_seeds":1,"minecraft:stone_pickaxe":1,"minecraft:iron_ingot":1,"minecraft:oak_planks":12,"minecraft:raw_iron_block":4,"minecraft:white_bed":1,"minecraft:spruce_log":14,"minecraft:dark_prismarine":1,"minecraft:purple_bed":2,"minecraft:soul_lantern":1,"minecraft:spruce_sign":14,"minecraft:emerald":6,"minecraft:lodestone":1,"minecraft:oak_sapling":5,"minecraft:coal":70,"minecraft:andesite_slab":1},"minecraft:used":{"minecraft:stone_sword":49,"minecraft:stripped_warped_stem":1,"minecraft:spruce_planks":31,"minecraft:shield":22,"minecraft:smooth_sandstone_stairs":1,"minecraft:iron_chestplate":1,"minecraft:dirt":5,"minecraft:tuff":2,"minecraft:lantern":4,"minecraft:iron_axe":46,"minecraft:iron_helmet":1,"minecraft:stone_bricks":1,"minecraft:furnace":2,"minecraft:oak_sapling":1,"minecraft:cobbled_deepslate":5,"minecraft:stone_pickaxe":106,"minecraft:baked_potato":13,"minecraft:andesite_slab":1,"minecraft:wooden_pickaxe":11,"minecraft:sandstone":5,"minecraft:spruce_sign":2,"minecraft:white_wool":1,"minecraft:crafting_table":3,"minecraft:ochre_froglight":1,"minecraft:stone_brick_wall":1,"minecraft:black_bed":1,"minecraft:cobbled_deepslate_stairs":1,"minecraft:warped_planks":2,"minecraft:bread":2,"minecraft:iron_pickaxe":95,"minecraft:soul_lantern":1,"minecraft:cobblestone":1,"minecraft:purple_bed":2,"minecraft:diamond_leggings":1},"minecraft:killed":{"minecraft:skeleton":16},"minecraft:custom":{"minecraft:mob_kills":19,"minecraft:interact_with_crafting_table":9,"minecraft:open_barrel":46,"minecraft:time_since_death":55308,"minecraft:sprint_one_cm":61847,"minecraft:walk_one_cm":144355,"minecraft:damage_blocked_by_shield":1200,"minecraft:drop":40,"minecraft:play_time":55308,"minecraft:sneak_time":3114,"minecraft:walk_under_water_one_cm":374,"minecraft:jump":430,"minecraft:walk_on_water_one_cm":2246,"minecraft:total_world_time":55308,"minecraft:interact_with_furnace":22,"minecraft:pot_flower":1,"minecraft:interact_with_grindstone":2,"minecraft:sleep_in_bed":5,"minecraft:time_since_rest":574,"minecraft:damage_taken":741,"minecraft:damage_dealt":1957,"minecraft:swim_one_cm":18034,"minecraft:fly_one_cm":70053,"minecraft:open_chest":47,"minecraft:crouch_one_cm":1995,"minecraft:interact_with_smoker":5,"minecraft:fall_one_cm":8137}},"DataVersion":3953}