{"stats":{"minecraft:killed":{"minecraft:spider":4,"minecraft:skeleton":17,"minecraft:iron_golem":2,"minecraft:creeper":1,"minecraft:zombie":7,"minecraft:cow":7},"minecraft:custom":{"minecraft:interact_with_crafting_table":32,"minecraft:open_barrel":46,"minecraft:leave_game":1,"minecraft:time_since_death":272923,"minecraft:sprint_one_cm":475855,"minecraft:damage_blocked_by_shield":1200,"minecraft:drop":180,"minecraft:talked_to_villager":169,"minecraft:play_time":272923,"minecraft:jump":4339,"minecraft:walk_on_water_one_cm":21900,"minecraft:interact_with_furnace":75,"minecraft:traded_with_villager":1556,"minecraft:sleep_in_bed":13,"minecraft:damage_dealt":6473,"minecraft:crouch_one_cm":17716,"minecraft:interact_with_smoker":5,"minecraft:mob_kills":41,"minecraft:interact_with_anvil":26,"minecraft:walk_one_cm":464972,"minecraft:sneak_time":6391,"minecraft:walk_under_water_one_cm":4942,"minecraft:interact_with_blast_furnace":1,"minecraft:total_world_time":272923,"minecraft:pot_flower":1,"minecraft:interact_with_stonecutter":1,"minecraft:interact_with_grindstone":7,"minecraft:time_since_rest":19202,"minecraft:damage_taken":1031,"minecraft:swim_one_cm":39617,"minecraft:fly_one_cm":1015411,"minecraft:open_chest":113,"minecraft:fall_one_cm":81882},"minecraft:dropped":{"minecraft:spruce_sign":12,"minecraft:iron_sword":1,"minecraft:diamond_axe":2,"minecraft:oak_pressure_plate":2,"minecraft:cooked_beef":15,"minecraft:oak_log":6,"minecraft:baked_potato":28,"minecraft:fletching_table":1,"minecraft:emerald":64,"minecraft:cobblestone_stairs":1,"minecraft:dirt":8,"minecraft:mutton":1,"minecraft:pumpkin_pie":64,"minecraft:bone_meal":27,"minecraft:polished_blackstone_bricks":1,"minecraft:iron_pickaxe":3,"minecraft:bone":13,"minecraft:oak_door":16,"minecraft:gravel":22,"minecraft:cobbled_deepslate":4,"minecraft:wheat":4,"minecraft:smooth_sandstone_stairs":1,"minecraft:rotten_flesh":7,"minecraft:oak_planks":1,"minecraft:stone_stairs":1,"minecraft:white_bed":1,"minecraft:warped_planks":3,"minecraft:chainmail_chestplate":8,"minecraft:charcoal":21,"minecraft:azalea":2,"minecraft:ladder":6,"minecraft:arrow":27,"minecraft:bread":3,"minecraft:wheat_seeds":7,"minecraft:cobbled_deepslate_stairs":1,"minecraft:oak_fence":4,"minecraft:iron_helmet":7,"minecraft:spruce_door":3,"minecraft:purple_dye":1,"minecraft:spruce_stairs":2,"minecraft:stick":216,"minecraft:lava_bucket":1,"minecraft:golden_carrot":399,"minecraft:diamond_helmet":1,"minecraft:green_carpet":2,"minecraft:iron_leggings":2,"minecraft:oak_stairs":4,"minecraft:iron_axe":10,"minecraft:chainmail_leggings":2,"minecraft:bucket":2,"minecraft:spruce_sapling":76,"minecraft:stone_sword":1,"minecraft:bowl":6,"minecraft:stone_slab":2,"minecraft:suspicious_stew":10,"minecraft:diamond_sword":1,"minecraft:shield":1,"minecraft:diamond_chestplate":1,"minecraft:spruce_planks":8,"minecraft:diamond_pickaxe":10,"minecraft:andesite":1,"minecraft:andesite_stairs":1,"minecraft:oak_sapling":15,"minecraft:diamond_boots":3,"minecraft:spruce_log":225,"minecraft:sandstone":1,"minecraft:stone_pickaxe":1,"minecraft:wooden_pickaxe":2,"minecraft:stripped_spruce_wood":2,"minecraft:dark_prismarine":1},"minecraft:mined":{"minecraft:stripped_warped_stem":1,"minecraft:spruce_planks":15,"minecraft:white_bed":3,"minecraft:cobbled_deepslate_stairs":3,"minecraft:andesite_stairs":1,"minecraft:cobblestone_stairs":8,"minecraft:grass_block":15,"minecraft:stone_brick_wall":1,"minecraft:coal_block":1,"minecraft:soul_soil":1,"minecraft:composter":1,"minecraft:spawner":12,"minecraft:raw_iron_block":2,"minecraft:iron_ore":8,"minecraft:cobbled_deepslate":5,"minecraft:fletching_table":4,"minecraft:anvil":1,"minecraft:dirt_path":40,"minecraft:oak_stairs":5,"minecraft:iron_bars":1,"minecraft:green_carpet":2,"minecraft:smooth_sandstone_stairs":2,"minecraft:spruce_slab":1,"minecraft:torch":1,"minecraft:poppy":1,"minecraft:blast_furnace":1,"minecraft:calcite":1,"minecraft:chest":3,"minecraft:cobblestone":73,"minecraft:oak_planks":45,"minecraft:grindstone":3,"minecraft:wall_torch":5,"minecraft:seagrass":1,"minecraft:stone_stairs":1,"minecraft:warped_planks":6,"minecraft:wheat":1,"minecraft:black_bed":1,"minecraft:oak_log":134,"minecraft:dirt":12,"minecraft:oak_leaves":12,"minecraft:deepslate":10,"minecraft:dark_prismarine":1,"minecraft:tuff":2,"minecraft:oak_door":11,"minecraft:ladder":6,"minecraft:spruce_leaves":33,"minecraft:large_fern":2,"minecraft:hay_block":1,"minecraft:spruce_sapling":2,"minecraft:furnace":1,"minecraft:gold_block":5,"minecraft:cobblestone_slab":3,"minecraft:stone":140,"minecraft:podzol":12,"minecraft:smithing_table":1,"minecraft:spruce_door":1,"minecraft:oak_fence":2,"minecraft:smooth_sandstone":6,"minecraft:short_grass":16,"minecraft:emerald_ore":4,"minecraft:tall_grass":2,"minecraft:diorite":5,"minecraft:spruce_stairs":2,"minecraft:purple_bed":3,"minecraft:stripped_spruce_wood":3,"minecraft:spruce_log":624,"minecraft:dark_prismarine_slab":1,"minecraft:coal_ore":246,"minecraft:ochre_froglight":1,"minecraft:gravel":457,"minecraft:lodestone":1,"minecraft:stone_bricks":1},"minecraft:picked_up":{"minecraft:wheat":105,"minecraft:anvil":1,"minecraft:suspicious_stew":7,"minecraft:smithing_table":1,"minecraft:stone_slab":2,"minecraft:oak_stairs":7,"minecraft:string":6,"minecraft:soul_soil":1,"minecraft:iron_leggings":1,"minecraft:cobbled_deepslate":12,"minecraft:bucket":1,"minecraft:spruce_planks":155,"minecraft:cobblestone_slab":4,"minecraft:azalea":1,"minecraft:iron_pickaxe":1,"minecraft:coal_block":1,"minecraft:furnace":1,"minecraft:stick":564,"minecraft:oak_fence":4,"minecraft:torch":6,"minecraft:spruce_stairs":2,"minecraft:diorite":5,"minecraft:warped_planks":6,"minecraft:stone_sword":1,"minecraft:rotten_flesh":7,"minecraft:iron_bars":1,"minecraft:cobblestone":219,"minecraft:andesite":1,"minecraft:black_bed":1,"minecraft:flint":234,"minecraft:smooth_sandstone_stairs":2,"minecraft:tuff":2,"minecraft:stripped_spruce_wood":2,"minecraft:dirt":78,"minecraft:lantern":4,"minecraft:bone":24,"minecraft:bow":1,"minecraft:wheat_seeds":8,"minecraft:grindstone":3,"minecraft:fletching_table":4,"minecraft:oak_planks":56,"minecraft:oak_pressure_plate":2,"minecraft:ink_sac":1,"minecraft:dark_prismarine":1,"minecraft:diamond":1,"minecraft:soul_lantern":1,"minecraft:bone_meal":78,"minecraft:spruce_sign":14,"minecraft:emerald":143,"minecraft:oak_sapling":16,"minecraft:andesite_slab":1,"minecraft:diamond_pickaxe":8,"minecraft:charcoal":21,"minecraft:azure_bluet":1,"minecraft:ladder":6,"minecraft:wooden_pickaxe":1,"minecraft:stone_brick_wall":1,"minecraft:gold_block":8,"minecraft:stone_stairs":1,"minecraft:stripped_warped_stem":1,"minecraft:beef":15,"minecraft:andesite_stairs":1,"minecraft:poppy":3,"minecraft:chest":3,"minecraft:raw_iron":125,"minecraft:sandstone":6,"minecraft:oak_door":14,"minecraft:bowl":4,"minecraft:polished_blackstone_bricks":1,"minecraft:arrow":26,"minecraft:diamond_chestplate":1,"minecraft:diamond_boots":1,"minecraft:hay_block":61,"minecraft:gold_ingot":6,"minecraft:mutton":1,"minecraft:white_wool":1,"minecraft:golden_carrot":95,"minecraft:leather":6,"minecraft:ochre_froglight":1,"minecraft:oak_log":134,"minecraft:chainmail_chestplate":8,"minecraft:cobbled_deepslate_stairs":3,"minecraft:gunpowder":1,"minecraft:cobblestone_stairs":8,"minecraft:apple":2,"minecraft:stone_bricks":1,"minecraft:iron_ingot":17,"minecraft:stone_pickaxe":1,"minecraft:raw_iron_block":4,"minecraft:gravel":223,"minecraft:spruce_sapling":151,"minecraft:blast_furnace":1,"minecraft:white_bed":4,"minecraft:spruce_log":4273,"minecraft:green_carpet":2,"minecraft:spider_eye":1,"minecraft:spruce_door":1,"minecraft:purple_bed":3,"minecraft:chainmail_leggings":2,"minecraft:iron_helmet":7,"minecraft:lodestone":1,"minecraft:baked_potato":5,"minecraft:coal":648},"minecraft:used":{"minecraft:poppy":2,"minecraft:chest":10,"minecraft:shield":22,"minecraft:iron_sword":17,"minecraft:smooth_sandstone_stairs":1,"minecraft:iron_chestplate":1,"minecraft:tuff":2,"minecraft:azure_bluet":1,"minecraft:lava_bucket":7,"minecraft:lantern":4,"minecraft:grass_block":1,"minecraft:iron_helmet":1,"minecraft:stone_bricks":1,"minecraft:furnace":2,"minecraft:oak_sapling":1,"minecraft:diorite":5,"minecraft:diamond_boots":2,"minecraft:spruce_door":1,"minecraft:stone_pickaxe":106,"minecraft:oak_planks":71,"minecraft:wooden_pickaxe":11,"minecraft:sandstone":5,"minecraft:diamond_axe":734,"minecraft:white_wool":1,"minecraft:blast_furnace":1,"minecraft:ochre_froglight":1,"minecraft:stone_brick_wall":1,"minecraft:black_bed":1,"minecraft:cobbled_deepslate_stairs":1,"minecraft:bread":2,"minecraft:string":3,"minecraft:gravel":201,"minecraft:soul_lantern":1,"minecraft:diamond_sword":41,"minecraft:grindstone":3,"minecraft:smithing_table":2,"minecraft:bone_meal":57,"minecraft:stone_sword":49,"minecraft:stripped_warped_stem":1,"minecraft:spruce_planks":36,"minecraft:oak_door":1,"minecraft:torch":74,"minecraft:dirt":70,"minecraft:anvil":1,"minecraft:iron_axe":142,"minecraft:oak_stairs":3,"minecraft:golden_carrot":3,"minecraft:cobbled_deepslate":6,"minecraft:wheat_seeds":1,"minecraft:cobblestone_stairs":7,"minecraft:baked_potato":36,"minecraft:andesite_slab":1,"minecraft:spruce_sign":2,"minecraft:fletching_table":4,"minecraft:stonecutter":1,"minecraft:cobblestone_slab":13,"minecraft:crafting_table":9,"minecraft:white_bed":2,"minecraft:spruce_log":1,"minecraft:warped_planks":2,"minecraft:diamond_pickaxe":13,"minecraft:diamond_shovel":519,"minecraft:iron_pickaxe":430,"minecraft:suspicious_stew":2,"minecraft:spruce_sapling":75,"minecraft:cobblestone":140,"minecraft:purple_bed":4,"minecraft:bucket":10,"minecraft:pumpkin_pie":8,"minecraft:diamond_leggings":1},"minecraft:crafted":{"minecraft:oak_planks":380,"minecraft:smooth_stone":3,"minecraft:cobblestone_slab":12,"minecraft:purple_bed":1,"minecraft:stone":3,"minecraft:diamond_shovel":4,"minecraft:suspicious_stew":8,"minecraft:diamond_helmet":3,"minecraft:chest":9,"minecraft:emerald":1279,"minecraft:diamond_axe":5,"minecraft:crafting_table":9,"minecraft:spruce_planks":17692,"minecraft:wooden_pickaxe":1,"minecraft:baked_potato":59,"minecraft:iron_helmet":6,"minecraft:spruce_door":3,"minecraft:chainmail_chestplate":8,"minecraft:smithing_table":1,"minecraft:fletching_table":1,"minecraft:iron_chestplate":1,"minecraft:charcoal":32,"minecraft:diamond_pickaxe":16,"minecraft:purple_dye":2,"minecraft:shield":2,"minecraft:stick":35621,"minecraft:iron_ingot":138,"minecraft:iron_pickaxe":4,"minecraft:gold_ingot":74,"minecraft:golden_carrot":504,"minecraft:oak_door":3,"minecraft:raw_iron":36,"minecraft:stone_shovel":7,"minecraft:coal":9,"minecraft:furnace":2,"minecraft:blast_furnace":1,"minecraft:bone_meal":6,"minecraft:iron_axe":13,"minecraft:diamond_boots":6,"minecraft:chainmail_leggings":12,"minecraft:wheat":549,"minecraft:cooked_beef":15,"minecraft:red_dye":1,"minecraft:diamond_sword":2,"minecraft:iron_sword":1,"minecraft:bucket":4,"minecraft:stone_axe":3,"minecraft:air":0,"minecraft:blue_dye":1,"minecraft:pumpkin_pie":72,"minecraft:torch":68}},"DataVersion":3953}