{"stats":{"minecraft:killed":{"minecraft:spider":5,"minecraft:skeleton":17,"minecraft:iron_golem":2,"minecraft:creeper":1,"minecraft:zombie":8,"minecraft:cow":7},"minecraft:custom":{"minecraft:interact_with_crafting_table":33,"minecraft:open_barrel":46,"minecraft:leave_game":1,"minecraft:time_since_death":368923,"minecraft:sprint_one_cm":572301,"minecraft:damage_blocked_by_shield":1200,"minecraft:drop":258,"minecraft:talked_to_villager":175,"minecraft:play_time":368923,"minecraft:jump":4961,"minecraft:walk_on_water_one_cm":33157,"minecraft:interact_with_furnace":75,"minecraft:traded_with_villager":1613,"minecraft:sleep_in_bed":18,"minecraft:damage_dealt":6833,"minecraft:crouch_one_cm":23399,"minecraft:interact_with_smoker":5,"minecraft:mob_kills":43,"minecraft:interact_with_anvil":33,"minecraft:climb_one_cm":859,"minecraft:walk_one_cm":867382,"minecraft:sneak_time":8737,"minecraft:walk_under_water_one_cm":6017,"minecraft:interact_with_blast_furnace":1,"minecraft:total_world_time":368923,"minecraft:pot_flower":1,"minecraft:interact_with_stonecutter":4,"minecraft:interact_with_grindstone":7,"minecraft:time_since_rest":13801,"minecraft:damage_taken":1158,"minecraft:swim_one_cm":40144,"minecraft:fly_one_cm":1256354,"minecraft:open_chest":183,"minecraft:fall_one_cm":84701},"minecraft:dropped":{"minecraft:spruce_sign":12,"minecraft:iron_sword":1,"minecraft:diamond_axe":2,"minecraft:oak_pressure_plate":2,"minecraft:cooked_beef":15,"minecraft:oak_log":8,"minecraft:baked_potato":28,"minecraft:crafting_table":2,"minecraft:fletching_table":1,"minecraft:emerald":64,"minecraft:cobblestone_stairs":33,"minecraft:dirt":8,"minecraft:mutton":1,"minecraft:gold_nugget":2,"minecraft:pumpkin_pie":64,"minecraft:bone_meal":27,"minecraft:polished_blackstone_bricks":1,"minecraft:iron_pickaxe":3,"minecraft:white_wool":18,"minecraft:bone":13,"minecraft:oak_door":16,"minecraft:gravel":22,"minecraft:stone_axe":6,"minecraft:cobbled_deepslate":4,"minecraft:yellow_wool":18,"minecraft:wheat":4,"minecraft:smooth_sandstone_stairs":1,"minecraft:rotten_flesh":7,"minecraft:oak_planks":5,"minecraft:stone_stairs":1,"minecraft:white_bed":7,"minecraft:warped_planks":3,"minecraft:chainmail_chestplate":8,"minecraft:poppy":1,"minecraft:oak_fence_gate":6,"minecraft:charcoal":21,"minecraft:azalea":2,"minecraft:ladder":6,"minecraft:arrow":27,"minecraft:bread":3,"minecraft:oak_slab":36,"minecraft:wheat_seeds":264,"minecraft:cobbled_deepslate_stairs":1,"minecraft:mossy_cobblestone":3,"minecraft:oak_fence":109,"minecraft:iron_helmet":7,"minecraft:cobblestone":61,"minecraft:spruce_door":3,"minecraft:purple_dye":1,"minecraft:spruce_stairs":2,"minecraft:stick":216,"minecraft:lava_bucket":1,"minecraft:golden_carrot":399,"minecraft:torch":4,"minecraft:diamond_helmet":1,"minecraft:green_carpet":2,"minecraft:iron_leggings":2,"minecraft:oak_stairs":10,"minecraft:iron_axe":10,"minecraft:chainmail_leggings":2,"minecraft:bucket":2,"minecraft:spruce_sapling":76,"minecraft:dandelion":1,"minecraft:stone_sword":1,"minecraft:bowl":6,"minecraft:composter":5,"minecraft:stone_shovel":14,"minecraft:stone_slab":2,"minecraft:suspicious_stew":10,"minecraft:diamond_sword":1,"minecraft:cobblestone_slab":12,"minecraft:shield":1,"minecraft:diamond_chestplate":1,"minecraft:spruce_planks":9,"minecraft:diamond_pickaxe":10,"minecraft:andesite":1,"minecraft:yellow_bed":2,"minecraft:andesite_stairs":1,"minecraft:oak_sapling":15,"minecraft:spider_eye":1,"minecraft:diamond_boots":3,"minecraft:spruce_log":225,"minecraft:sandstone":1,"minecraft:stone_pickaxe":1,"minecraft:wooden_pickaxe":2,"minecraft:stripped_spruce_wood":2,"minecraft:dark_prismarine":1},"minecraft:mined":{"minecraft:stripped_warped_stem":1,"minecraft:spruce_planks":16,"minecraft:white_bed":6,"minecraft:farmland":153,"minecraft:cobbled_deepslate_stairs":3,"minecraft:andesite_stairs":1,"minecraft:cobblestone_stairs":38,"minecraft:grass_block":184,"minecraft:stone_brick_wall":1,"minecraft:oak_pressure_plate":1,"minecraft:coal_block":1,"minecraft:soul_soil":1,"minecraft:composter":6,"minecraft:spawner":12,"minecraft:raw_iron_block":2,"minecraft:iron_ore":8,"minecraft:fire":2,"minecraft:cobbled_deepslate":5,"minecraft:fletching_table":4,"minecraft:anvil":1,"minecraft:azure_bluet":6,"minecraft:dirt_path":68,"minecraft:oak_stairs":8,"minecraft:iron_bars":1,"minecraft:green_carpet":2,"minecraft:smooth_sandstone_stairs":2,"minecraft:spruce_slab":1,"visualworkbench:minecraft/crafting_table":3,"minecraft:torch":3,"minecraft:poppy":3,"minecraft:blast_furnace":2,"minecraft:calcite":1,"minecraft:chest":6,"minecraft:white_stained_glass_pane":1,"minecraft:cobblestone":794,"minecraft:oak_planks":76,"minecraft:grindstone":3,"minecraft:wall_torch":7,"minecraft:seagrass":4,"minecraft:stone_stairs":1,"minecraft:warped_planks":6,"minecraft:yellow_wool":9,"minecraft:wheat":5,"minecraft:stripped_oak_wood":2,"minecraft:black_bed":1,"minecraft:yellow_stained_glass_pane":1,"minecraft:oak_log":310,"minecraft:oak_fence_gate":3,"minecraft:sand":7,"minecraft:dirt":42,"minecraft:oak_leaves":12,"minecraft:deepslate":10,"minecraft:dark_prismarine":1,"minecraft:tuff":2,"minecraft:mossy_cobblestone":78,"minecraft:oak_door":11,"minecraft:ladder":6,"minecraft:spruce_leaves":33,"minecraft:large_fern":2,"minecraft:hay_block":1,"minecraft:deepslate_brick_slab":25,"minecraft:spruce_sapling":2,"minecraft:furnace":1,"minecraft:gold_block":5,"minecraft:bell":1,"minecraft:cobblestone_slab":12,"minecraft:stripped_oak_log":4,"minecraft:stone":141,"minecraft:white_wool":9,"minecraft:podzol":12,"minecraft:smithing_table":2,"minecraft:oak_slab":18,"minecraft:glass_pane":6,"minecraft:dandelion":1,"minecraft:spruce_door":1,"minecraft:oak_fence":59,"minecraft:smooth_sandstone":6,"minecraft:short_grass":36,"minecraft:emerald_ore":4,"minecraft:tall_grass":9,"minecraft:diorite":5,"minecraft:spruce_stairs":2,"minecraft:purple_bed":4,"minecraft:stripped_spruce_wood":3,"minecraft:spruce_log":624,"minecraft:yellow_bed":1,"minecraft:dark_prismarine_slab":1,"minecraft:coal_ore":246,"minecraft:ochre_froglight":1,"minecraft:gravel":457,"minecraft:lodestone":2,"minecraft:stone_bricks":1,"minecraft:fern":1},"minecraft:picked_up":{"minecraft:wheat":197,"minecraft:anvil":1,"minecraft:suspicious_stew":7,"minecraft:yellow_wool":18,"minecraft:smithing_table":2,"minecraft:stone_slab":2,"minecraft:oak_stairs":13,"minecraft:string":6,"minecraft:soul_soil":1,"minecraft:iron_leggings":1,"minecraft:beetroot":4,"minecraft:gold_nugget":2,"minecraft:cobbled_deepslate":12,"minecraft:bucket":1,"minecraft:spruce_planks":156,"minecraft:cobblestone_slab":13,"minecraft:azalea":1,"minecraft:iron_pickaxe":1,"minecraft:coal_block":1,"minecraft:furnace":1,"minecraft:stick":564,"minecraft:composter":9,"minecraft:oak_fence":109,"minecraft:torch":61,"minecraft:spruce_stairs":2,"minecraft:diorite":5,"minecraft:warped_planks":6,"minecraft:stone_sword":1,"minecraft:rotten_flesh":7,"minecraft:iron_bars":1,"minecraft:cobblestone":1000,"minecraft:andesite":1,"minecraft:black_bed":1,"minecraft:potato":44,"minecraft:flint":234,"minecraft:smooth_sandstone_stairs":2,"minecraft:tuff":2,"minecraft:stripped_spruce_wood":2,"minecraft:dirt":458,"minecraft:lantern":4,"minecraft:bone":24,"minecraft:bow":1,"minecraft:wheat_seeds":265,"minecraft:deepslate_brick_slab":30,"minecraft:bell":1,"minecraft:grindstone":3,"minecraft:fletching_table":4,"minecraft:oak_planks":88,"minecraft:sand":7,"minecraft:oak_pressure_plate":2,"minecraft:ink_sac":1,"minecraft:mossy_cobblestone":80,"minecraft:dark_prismarine":1,"minecraft:diamond":1,"minecraft:soul_lantern":1,"minecraft:bone_meal":78,"minecraft:spruce_sign":14,"minecraft:emerald":143,"minecraft:oak_sapling":16,"minecraft:andesite_slab":1,"minecraft:diamond_pickaxe":8,"minecraft:crafting_table":4,"minecraft:charcoal":85,"minecraft:azure_bluet":7,"minecraft:ladder":7,"minecraft:wooden_pickaxe":1,"minecraft:stone_brick_wall":1,"minecraft:gold_block":8,"minecraft:cornflower":2,"minecraft:stone_stairs":1,"minecraft:stripped_warped_stem":1,"minecraft:beef":15,"minecraft:andesite_stairs":1,"minecraft:poppy":6,"minecraft:chest":5,"minecraft:raw_iron":125,"minecraft:sandstone":6,"minecraft:oak_door":14,"minecraft:bowl":4,"minecraft:polished_blackstone_bricks":1,"minecraft:carrot":164,"minecraft:stone_shovel":14,"minecraft:arrow":26,"minecraft:diamond_chestplate":1,"minecraft:beetroot_seeds":13,"minecraft:diamond_boots":1,"minecraft:hay_block":61,"minecraft:gold_ingot":6,"minecraft:mutton":1,"minecraft:stripped_oak_log":4,"minecraft:white_wool":19,"minecraft:oxeye_daisy":7,"minecraft:golden_carrot":95,"minecraft:leather":6,"minecraft:ochre_froglight":1,"minecraft:oak_log":311,"minecraft:chainmail_chestplate":8,"minecraft:yellow_bed":2,"minecraft:cobbled_deepslate_stairs":3,"minecraft:gunpowder":1,"minecraft:cobblestone_stairs":42,"minecraft:apple":2,"minecraft:stone_bricks":1,"minecraft:oak_fence_gate":6,"minecraft:iron_ingot":17,"minecraft:stone_pickaxe":1,"minecraft:stripped_oak_wood":2,"minecraft:oak_slab":36,"minecraft:dandelion":2,"minecraft:raw_iron_block":4,"minecraft:gravel":223,"minecraft:spruce_sapling":151,"minecraft:blast_furnace":2,"minecraft:white_bed":10,"minecraft:spruce_log":4273,"minecraft:green_carpet":2,"minecraft:spider_eye":2,"minecraft:spruce_door":1,"minecraft:purple_bed":4,"minecraft:stone_axe":6,"minecraft:chainmail_leggings":2,"minecraft:iron_helmet":7,"minecraft:lodestone":2,"minecraft:baked_potato":5,"minecraft:coal":648},"minecraft:used":{"minecraft:poppy":3,"minecraft:chest":14,"minecraft:shield":22,"minecraft:iron_sword":17,"minecraft:smooth_sandstone_stairs":1,"minecraft:iron_chestplate":1,"minecraft:deepslate_brick_slab":707,"minecraft:tuff":2,"minecraft:azure_bluet":3,"minecraft:lava_bucket":15,"minecraft:lantern":4,"minecraft:grass_block":3,"minecraft:iron_helmet":1,"minecraft:stone_bricks":1,"minecraft:item_frame":6,"minecraft:furnace":2,"minecraft:oak_sapling":1,"minecraft:diorite":5,"minecraft:diamond_boots":2,"minecraft:spruce_door":1,"minecraft:stone_pickaxe":106,"minecraft:oak_planks":75,"minecraft:wooden_pickaxe":11,"minecraft:sandstone":5,"minecraft:diamond_axe":1049,"minecraft:white_wool":1,"minecraft:sand":7,"minecraft:blast_furnace":2,"minecraft:ochre_froglight":1,"minecraft:stone_brick_wall":1,"minecraft:black_bed":3,"minecraft:cobbled_deepslate_stairs":1,"minecraft:bread":2,"minecraft:string":3,"minecraft:gravel":201,"minecraft:soul_lantern":1,"minecraft:diamond_sword":47,"minecraft:grindstone":3,"minecraft:smithing_table":2,"minecraft:bone_meal":57,"minecraft:stone_sword":49,"minecraft:flint_and_steel":490,"minecraft:stripped_warped_stem":1,"minecraft:spruce_planks":36,"minecraft:oak_door":2,"minecraft:torch":114,"minecraft:dirt":201,"minecraft:anvil":1,"minecraft:iron_axe":142,"minecraft:oak_stairs":4,"minecraft:diamond_chestplate":1,"minecraft:golden_carrot":10,"minecraft:cobbled_deepslate":6,"minecraft:wheat_seeds":1,"minecraft:water_bucket":62,"minecraft:cobblestone_stairs":9,"minecraft:lodestone":1,"minecraft:baked_potato":36,"minecraft:andesite_slab":1,"minecraft:spruce_sign":2,"minecraft:fletching_table":4,"minecraft:stonecutter":1,"minecraft:cobblestone_slab":13,"minecraft:deepslate_bricks":322,"minecraft:mossy_cobblestone":6,"minecraft:crafting_table":12,"minecraft:white_bed":2,"minecraft:spruce_log":1,"minecraft:warped_planks":2,"minecraft:oak_log":19,"minecraft:diamond_pickaxe":883,"minecraft:cornflower":1,"minecraft:oxeye_daisy":2,"minecraft:diamond_shovel":900,"minecraft:iron_pickaxe":430,"minecraft:suspicious_stew":2,"minecraft:spruce_sapling":75,"minecraft:cobblestone":184,"minecraft:purple_bed":6,"minecraft:bucket":63,"minecraft:glass_pane":2,"minecraft:pumpkin_pie":8,"minecraft:splash_potion":1,"minecraft:diamond_leggings":1},"minecraft:crafted":{"minecraft:oak_planks":1104,"minecraft:smooth_stone":3,"minecraft:cobblestone_slab":12,"minecraft:purple_bed":1,"minecraft:stone":3,"minecraft:diamond_shovel":4,"minecraft:suspicious_stew":8,"minecraft:diamond_helmet":3,"minecraft:chest":9,"minecraft:emerald":1336,"minecraft:diamond_axe":5,"minecraft:crafting_table":9,"minecraft:spruce_planks":17692,"minecraft:wooden_pickaxe":1,"minecraft:baked_potato":59,"minecraft:iron_helmet":6,"minecraft:spruce_door":3,"minecraft:chainmail_chestplate":8,"minecraft:smithing_table":1,"minecraft:gold_block":10,"minecraft:fletching_table":1,"minecraft:emerald_block":48,"minecraft:iron_chestplate":1,"minecraft:charcoal":32,"minecraft:diamond_pickaxe":16,"minecraft:purple_dye":2,"minecraft:shield":2,"minecraft:stick":37125,"minecraft:iron_ingot":138,"minecraft:iron_pickaxe":4,"minecraft:iron_block":13,"minecraft:gold_ingot":74,"minecraft:golden_carrot":504,"minecraft:oak_door":3,"minecraft:raw_iron":36,"minecraft:stone_shovel":7,"minecraft:coal":9,"minecraft:furnace":2,"minecraft:blast_furnace":1,"minecraft:bone_meal":6,"minecraft:iron_axe":13,"minecraft:diamond_boots":6,"minecraft:chainmail_leggings":12,"minecraft:wheat":549,"minecraft:cooked_beef":15,"minecraft:red_dye":1,"minecraft:diamond_sword":2,"minecraft:iron_sword":1,"minecraft:bucket":4,"minecraft:stone_axe":3,"minecraft:air":0,"minecraft:blue_dye":1,"minecraft:pumpkin_pie":72,"minecraft:torch":68}},"DataVersion":3953}