{"stats":{"minecraft:killed":{"minecraft:spider":3,"minecraft:skeleton":16,"minecraft:iron_golem":2,"minecraft:zombie":5,"minecraft:cow":7},"minecraft:custom":{"minecraft:mob_kills":36,"minecraft:interact_with_crafting_table":22,"minecraft:open_barrel":46,"minecraft:leave_game":1,"minecraft:time_since_death":146923,"minecraft:sprint_one_cm":257565,"minecraft:walk_one_cm":313086,"minecraft:damage_blocked_by_shield":1200,"minecraft:drop":69,"minecraft:talked_to_villager":41,"minecraft:play_time":146923,"minecraft:sneak_time":4021,"minecraft:walk_under_water_one_cm":4274,"minecraft:jump":2552,"minecraft:interact_with_blast_furnace":1,"minecraft:walk_on_water_one_cm":14993,"minecraft:total_world_time":146923,"minecraft:interact_with_furnace":61,"minecraft:traded_with_villager":105,"minecraft:pot_flower":1,"minecraft:interact_with_grindstone":4,"minecraft:sleep_in_bed":8,"minecraft:time_since_rest":25560,"minecraft:damage_taken":982,"minecraft:damage_dealt":5512,"minecraft:swim_one_cm":30661,"minecraft:fly_one_cm":525452,"minecraft:open_chest":54,"minecraft:crouch_one_cm":2328,"minecraft:interact_with_smoker":5,"minecraft:fall_one_cm":49646},"minecraft:dropped":{"minecraft:spruce_sign":12,"minecraft:bread":3,"minecraft:iron_sword":1,"minecraft:wheat_seeds":2,"minecraft:diamond_axe":1,"minecraft:oak_log":6,"minecraft:cobbled_deepslate_stairs":1,"minecraft:spruce_door":3,"minecraft:purple_dye":1,"minecraft:spruce_stairs":2,"minecraft:stick":3,"minecraft:lava_bucket":1,"minecraft:dirt":8,"minecraft:mutton":1,"minecraft:iron_leggings":1,"minecraft:iron_axe":1,"minecraft:polished_blackstone_bricks":1,"minecraft:iron_pickaxe":1,"minecraft:bucket":2,"minecraft:spruce_sapling":2,"minecraft:bone":13,"minecraft:oak_door":16,"minecraft:gravel":22,"minecraft:stone_sword":1,"minecraft:cobbled_deepslate":4,"minecraft:smooth_sandstone_stairs":1,"minecraft:wheat":4,"minecraft:rotten_flesh":4,"minecraft:stone_slab":2,"minecraft:stone_stairs":1,"minecraft:warped_planks":3,"minecraft:diamond_sword":1,"minecraft:shield":1,"minecraft:diamond_chestplate":1,"minecraft:spruce_planks":8,"minecraft:charcoal":21,"minecraft:andesite":1,"minecraft:ladder":6,"minecraft:azalea":2,"minecraft:oak_sapling":13,"minecraft:andesite_stairs":1,"minecraft:sandstone":1,"minecraft:arrow":27,"minecraft:wooden_pickaxe":2,"minecraft:stone_pickaxe":1,"minecraft:stripped_spruce_wood":2,"minecraft:dark_prismarine":1},"minecraft:mined":{"minecraft:stripped_warped_stem":1,"minecraft:dark_prismarine":1,"minecraft:tuff":2,"minecraft:spruce_planks":14,"minecraft:cobbled_deepslate_stairs":3,"minecraft:oak_door":11,"minecraft:andesite_stairs":1,"minecraft:ladder":6,"minecraft:stone_brick_wall":1,"minecraft:grass_block":15,"minecraft:soul_soil":1,"minecraft:coal_block":1,"minecraft:spruce_leaves":10,"minecraft:composter":1,"minecraft:spawner":12,"minecraft:large_fern":2,"minecraft:hay_block":1,"minecraft:raw_iron_block":2,"minecraft:spruce_sapling":2,"minecraft:furnace":1,"minecraft:iron_ore":7,"minecraft:cobbled_deepslate":5,"minecraft:anvil":1,"minecraft:fletching_table":2,"minecraft:gold_block":5,"minecraft:dirt_path":40,"minecraft:iron_bars":1,"minecraft:oak_stairs":2,"minecraft:smooth_sandstone_stairs":2,"minecraft:stone":139,"minecraft:spruce_slab":1,"minecraft:podzol":12,"minecraft:spruce_door":1,"minecraft:smooth_sandstone":6,"minecraft:torch":1,"minecraft:short_grass":8,"minecraft:emerald_ore":4,"minecraft:calcite":1,"minecraft:poppy":1,"minecraft:tall_grass":2,"minecraft:cobblestone":38,"minecraft:oak_planks":21,"minecraft:diorite":5,"minecraft:wall_torch":3,"minecraft:spruce_stairs":2,"minecraft:stone_stairs":1,"minecraft:purple_bed":3,"minecraft:stripped_spruce_wood":3,"minecraft:warped_planks":6,"minecraft:wheat":1,"minecraft:spruce_log":359,"minecraft:dark_prismarine_slab":1,"minecraft:black_bed":1,"minecraft:oak_log":69,"minecraft:coal_ore":246,"minecraft:ochre_froglight":1,"minecraft:gravel":206,"minecraft:dirt":12,"minecraft:lodestone":1,"minecraft:stone_bricks":1,"minecraft:oak_leaves":12,"minecraft:deepslate":10},"minecraft:picked_up":{"minecraft:charcoal":21,"minecraft:azure_bluet":1,"minecraft:wheat":105,"minecraft:ladder":6,"minecraft:anvil":1,"minecraft:stone_slab":2,"minecraft:wooden_pickaxe":1,"minecraft:oak_stairs":2,"minecraft:stone_brick_wall":1,"minecraft:gold_block":8,"minecraft:string":5,"minecraft:stone_stairs":1,"minecraft:soul_soil":1,"minecraft:cobbled_deepslate":12,"minecraft:bucket":1,"minecraft:stripped_warped_stem":1,"minecraft:spruce_planks":14,"minecraft:beef":15,"minecraft:andesite_stairs":1,"minecraft:azalea":1,"minecraft:poppy":3,"minecraft:coal_block":1,"minecraft:furnace":1,"minecraft:stick":75,"minecraft:raw_iron":124,"minecraft:sandstone":6,"minecraft:oak_door":14,"minecraft:torch":4,"minecraft:spruce_stairs":2,"minecraft:polished_blackstone_bricks":1,"minecraft:diorite":5,"minecraft:warped_planks":6,"minecraft:stone_sword":1,"minecraft:arrow":26,"minecraft:rotten_flesh":4,"minecraft:diamond_chestplate":1,"minecraft:hay_block":61,"minecraft:gold_ingot":6,"minecraft:mutton":1,"minecraft:iron_bars":1,"minecraft:white_wool":1,"minecraft:cobblestone":183,"minecraft:andesite":1,"minecraft:black_bed":1,"minecraft:leather":6,"minecraft:ochre_froglight":1,"minecraft:oak_log":69,"minecraft:flint":22,"minecraft:stripped_spruce_wood":2,"minecraft:tuff":2,"minecraft:smooth_sandstone_stairs":2,"minecraft:cobbled_deepslate_stairs":3,"minecraft:dirt":78,"minecraft:lantern":4,"minecraft:bone":23,"minecraft:apple":2,"minecraft:stone_bricks":1,"minecraft:bow":1,"minecraft:wheat_seeds":3,"minecraft:iron_ingot":17,"minecraft:stone_pickaxe":1,"minecraft:fletching_table":2,"minecraft:oak_planks":32,"minecraft:raw_iron_block":4,"minecraft:gravel":184,"minecraft:spruce_sapling":71,"minecraft:white_bed":1,"minecraft:spruce_log":362,"minecraft:spruce_door":1,"minecraft:spider_eye":1,"minecraft:dark_prismarine":1,"minecraft:purple_bed":3,"minecraft:diamond":1,"minecraft:soul_lantern":1,"minecraft:bone_meal":64,"minecraft:spruce_sign":14,"minecraft:emerald":24,"minecraft:lodestone":1,"minecraft:oak_sapling":14,"minecraft:coal":648,"minecraft:andesite_slab":1},"minecraft:used":{"minecraft:stone_sword":49,"minecraft:poppy":2,"minecraft:stripped_warped_stem":1,"minecraft:chest":4,"minecraft:spruce_planks":34,"minecraft:shield":22,"minecraft:iron_sword":17,"minecraft:smooth_sandstone_stairs":1,"minecraft:iron_chestplate":1,"minecraft:oak_door":1,"minecraft:torch":40,"minecraft:dirt":70,"minecraft:tuff":2,"minecraft:azure_bluet":1,"minecraft:lava_bucket":6,"minecraft:lantern":4,"minecraft:iron_axe":142,"minecraft:oak_stairs":2,"minecraft:iron_helmet":1,"minecraft:stone_bricks":1,"minecraft:oak_sapling":1,"minecraft:furnace":2,"minecraft:cobbled_deepslate":6,"minecraft:wheat_seeds":1,"minecraft:diorite":5,"minecraft:spruce_door":1,"minecraft:andesite_slab":1,"minecraft:baked_potato":27,"minecraft:oak_planks":34,"minecraft:stone_pickaxe":106,"minecraft:wooden_pickaxe":11,"minecraft:sandstone":5,"minecraft:spruce_sign":2,"minecraft:fletching_table":3,"minecraft:diamond_axe":365,"minecraft:white_wool":1,"minecraft:crafting_table":8,"minecraft:blast_furnace":1,"minecraft:stone_brick_wall":1,"minecraft:ochre_froglight":1,"minecraft:black_bed":1,"minecraft:cobbled_deepslate_stairs":1,"minecraft:warped_planks":2,"minecraft:diamond_shovel":268,"minecraft:bread":2,"minecraft:string":3,"minecraft:iron_pickaxe":391,"minecraft:gravel":162,"minecraft:spruce_sapling":58,"minecraft:soul_lantern":1,"minecraft:purple_bed":4,"minecraft:diamond_sword":26,"minecraft:cobblestone":102,"minecraft:bucket":9,"minecraft:pumpkin_pie":8,"minecraft:bone_meal":6,"minecraft:diamond_leggings":1},"minecraft:crafted":{"minecraft:oak_door":3,"minecraft:smooth_stone":3,"minecraft:oak_planks":252,"minecraft:raw_iron":36,"minecraft:coal":9,"minecraft:purple_bed":1,"minecraft:furnace":2,"minecraft:blast_furnace":1,"minecraft:stone":3,"minecraft:bone_meal":6,"minecraft:iron_axe":3,"minecraft:chest":4,"minecraft:wheat":549,"minecraft:cooked_beef":15,"minecraft:red_dye":1,"minecraft:diamond_sword":2,"minecraft:emerald":98,"minecraft:diamond_axe":2,"minecraft:crafting_table":8,"minecraft:spruce_planks":56,"minecraft:wooden_pickaxe":1,"minecraft:baked_potato":58,"minecraft:iron_sword":1,"minecraft:spruce_door":3,"minecraft:fletching_table":1,"minecraft:bucket":4,"minecraft:air":0,"minecraft:blue_dye":1,"minecraft:iron_chestplate":1,"minecraft:purple_dye":2,"minecraft:shield":2,"minecraft:stick":348,"minecraft:iron_ingot":137,"minecraft:iron_pickaxe":4,"minecraft:gold_ingot":2,"minecraft:pumpkin_pie":8,"minecraft:torch":36}},"DataVersion":3953}