{"stats":{"minecraft:used":{"minecraft:ladder":6,"minecraft:poppy":3,"minecraft:chest":16,"minecraft:shield":22,"minecraft:stone":494,"minecraft:iron_sword":17,"minecraft:zombie_spawn_egg":11,"minecraft:smooth_sandstone_stairs":1,"minecraft:iron_chestplate":1,"minecraft:deepslate_brick_slab":868,"minecraft:tuff":11,"minecraft:obsidian":23,"minecraft:azure_bluet":3,"minecraft:milk_bucket":1,"minecraft:lava_bucket":38,"minecraft:coal_ore":197,"minecraft:villager_spawn_egg":2,"minecraft:lantern":51,"minecraft:grass_block":3,"minecraft:quartz_block":92,"minecraft:iron_helmet":1,"minecraft:stone_bricks":1,"minecraft:item_frame":6,"minecraft:deepslate_diamond_ore":18,"minecraft:warped_fungus":1,"minecraft:oak_sapling":1,"minecraft:furnace":10,"minecraft:egg":1,"minecraft:emerald_ore":20,"minecraft:zombie_horse_spawn_egg":1,"minecraft:diorite":9,"minecraft:spruce_door":1,"minecraft:diamond_boots":2,"minecraft:oak_planks":167,"minecraft:stone_pickaxe":106,"minecraft:blackstone":6,"minecraft:ender_pearl":2,"minecraft:sandstone":5,"minecraft:wooden_pickaxe":11,"minecraft:composter":1,"minecraft:diamond_axe":3110,"minecraft:white_wool":1,"minecraft:oak_leaves":13,"minecraft:sand":7,"minecraft:loom":1,"minecraft:stone_brick_wall":1,"minecraft:blast_furnace":7,"minecraft:deepslate_redstone_ore":46,"minecraft:crossbow":1,"minecraft:black_bed":3,"minecraft:ochre_froglight":1,"minecraft:deepslate_lapis_ore":4,"minecraft:cobbled_deepslate_stairs":1,"more_bows_and_arrows:diamond_bow":121,"minecraft:string":6,"minecraft:deepslate_iron_ore":63,"minecraft:bread":2,"minecraft:lectern":18,"minecraft:deepslate":2,"minecraft:gravel":203,"minecraft:soul_lantern":1,"minecraft:golden_helmet":9,"minecraft:diamond_sword":173,"minecraft:grindstone":5,"minecraft:smithing_table":2,"minecraft:andesite":6,"minecraft:chain":4,"minecraft:smooth_stone_slab":28,"minecraft:stone_sword":49,"minecraft:redstone_ore":15,"minecraft:bone_meal":57,"minecraft:flint_and_steel":491,"minecraft:enchanting_table":2,"minecraft:redstone":1,"minecraft:stripped_warped_stem":1,"minecraft:spruce_planks":36,"minecraft:deepslate_gold_ore":7,"minecraft:netherrack":159,"minecraft:oak_door":4,"minecraft:torch":453,"minecraft:dirt":240,"minecraft:warped_wart_block":1,"minecraft:anvil":8,"minecraft:diamond_helmet":10,"minecraft:chipped_anvil":10,"minecraft:bookshelf":68,"minecraft:iron_axe":185,"minecraft:oak_stairs":73,"minecraft:barrel":1,"minecraft:diamond_chestplate":1,"minecraft:golden_carrot":76,"minecraft:soul_soil":1,"minecraft:deepslate_emerald_ore":8,"minecraft:cobbled_deepslate":13,"minecraft:wheat_seeds":1,"minecraft:water_bucket":71,"minecraft:iron_ore":213,"minecraft:cobblestone_stairs":10,"minecraft:lodestone":1,"minecraft:baked_potato":36,"minecraft:spruce_sign":2,"minecraft:andesite_slab":1,"minecraft:brown_mushroom":2,"minecraft:cobblestone_slab":17,"minecraft:fletching_table":4,"minecraft:stonecutter":4,"minecraft:spruce_fence_gate":1,"minecraft:deepslate_bricks":1005,"minecraft:warped_roots":3,"minecraft:mossy_cobblestone":6,"minecraft:crafting_table":13,"minecraft:white_bed":2,"minecraft:spruce_log":32,"minecraft:warped_planks":2,"minecraft:oak_log":23,"minecraft:diamond_pickaxe":3204,"minecraft:cornflower":1,"minecraft:oxeye_daisy":2,"minecraft:diamond_shovel":942,"minecraft:cracked_polished_blackstone_bricks":3,"minecraft:iron_pickaxe":430,"minecraft:suspicious_stew":2,"minecraft:lapis_ore":7,"minecraft:spruce_sapling":181,"minecraft:cobblestone":270,"minecraft:purple_bed":6,"minecraft:white_banner":1,"minecraft:bucket":95,"minecraft:glass_pane":2,"minecraft:pumpkin_pie":8,"minecraft:diamond_leggings":1,"minecraft:splash_potion":41},"minecraft:dropped":{"minecraft:spruce_sign":12,"minecraft:iron_sword":1,"minecraft:diamond_axe":5,"minecraft:oak_pressure_plate":2,"minecraft:cooked_beef":15,"minecraft:oak_log":8,"minecraft:large_amethyst_bud":4,"minecraft:baked_potato":28,"minecraft:ender_pearl":4,"minecraft:crafting_table":2,"minecraft:crossbow":2,"minecraft:fletching_table":1,"minecraft:cobblestone_stairs":33,"minecraft:emerald":206,"minecraft:flint":50,"minecraft:gold_block":2,"minecraft:dirt":16,"more_bows_and_arrows:diamond_bow":1,"minecraft:mutton":1,"minecraft:crimson_roots":3,"minecraft:gold_nugget":31,"minecraft:pumpkin_pie":64,"minecraft:bone_meal":27,"minecraft:polished_blackstone_bricks":1,"minecraft:iron_pickaxe":3,"minecraft:small_amethyst_bud":4,"minecraft:white_wool":18,"minecraft:bone":66,"minecraft:oak_door":16,"minecraft:gravel":22,"minecraft:stone_axe":6,"minecraft:lever":1,"minecraft:cobbled_deepslate":6,"minecraft:wheat":4,"minecraft:yellow_wool":18,"minecraft:smooth_sandstone_stairs":1,"minecraft:deepslate_brick_slab":4,"minecraft:rotten_flesh":33,"minecraft:oak_planks":5,"minecraft:diamond_shovel":2,"minecraft:stone_stairs":1,"minecraft:white_bed":7,"minecraft:warped_planks":3,"minecraft:carrot":2,"minecraft:chainmail_chestplate":8,"minecraft:poppy":1,"minecraft:oak_fence_gate":6,"minecraft:leather_chestplate":1,"minecraft:gunpowder":5,"minecraft:charcoal":21,"minecraft:ladder":6,"minecraft:azalea":2,"minecraft:leather_leggings":1,"minecraft:spruce_slab":4,"minecraft:arrow":863,"minecraft:glass":136,"minecraft:quartz":684,"minecraft:enchanted_book":17,"minecraft:golden_boots":1,"minecraft:iron_ingot":1,"minecraft:bread":3,"minecraft:oak_slab":36,"minecraft:wheat_seeds":283,"minecraft:golden_helmet":3,"minecraft:cobbled_deepslate_stairs":1,"minecraft:mossy_cobblestone":3,"minecraft:oak_fence":109,"more_bows_and_arrows:diamond_arrow":183,"minecraft:iron_helmet":7,"minecraft:cobblestone":174,"minecraft:book":37,"minecraft:spruce_door":3,"minecraft:purple_dye":1,"minecraft:spruce_stairs":2,"minecraft:coal":27,"minecraft:stick":294,"minecraft:lava_bucket":1,"minecraft:golden_carrot":399,"minecraft:torch":8,"minecraft:diamond_helmet":1,"minecraft:green_carpet":2,"minecraft:iron_leggings":2,"minecraft:oak_stairs":10,"minecraft:iron_axe":11,"minecraft:chainmail_leggings":2,"minecraft:string":40,"minecraft:tripwire_hook":16,"minecraft:bucket":2,"minecraft:spruce_sapling":234,"minecraft:dandelion":1,"minecraft:redstone":337,"minecraft:stone_sword":1,"minecraft:bowl":6,"minecraft:tuff":1,"minecraft:raw_iron":24,"minecraft:composter":5,"minecraft:stone_shovel":14,"minecraft:chicken":1,"minecraft:stone_slab":2,"minecraft:suspicious_stew":10,"minecraft:copper_ore":1,"minecraft:diamond_sword":2,"minecraft:potato":1,"minecraft:cobblestone_slab":12,"minecraft:shield":1,"minecraft:diamond_chestplate":1,"minecraft:spruce_planks":11,"minecraft:diamond_pickaxe":11,"minecraft:andesite":16,"minecraft:yellow_bed":2,"minecraft:golden_leggings":1,"minecraft:oak_sapling":15,"minecraft:andesite_stairs":1,"minecraft:spider_eye":11,"minecraft:spruce_log":225,"minecraft:diamond_boots":3,"minecraft:slime_ball":1,"minecraft:sandstone":1,"minecraft:bow":3,"minecraft:stone_pickaxe":1,"minecraft:wooden_pickaxe":2,"minecraft:stripped_spruce_wood":2,"minecraft:medium_amethyst_bud":4,"minecraft:dark_prismarine":1,"minecraft:amethyst_cluster":2},"minecraft:custom":{"minecraft:interact_with_crafting_table":84,"minecraft:open_barrel":48,"minecraft:leave_game":7,"minecraft:time_since_death":1222581,"minecraft:sprint_one_cm":1553648,"minecraft:damage_blocked_by_shield":1200,"minecraft:drop":473,"minecraft:talked_to_villager":624,"minecraft:play_time":1222581,"minecraft:jump":14287,"minecraft:walk_on_water_one_cm":46269,"minecraft:enchant_item":29,"minecraft:interact_with_furnace":104,"minecraft:traded_with_villager":6484,"minecraft:interact_with_loom":1,"minecraft:sleep_in_bed":43,"minecraft:damage_dealt":19301,"minecraft:crouch_one_cm":123536,"minecraft:interact_with_smoker":5,"minecraft:interact_with_anvil":167,"minecraft:mob_kills":135,"minecraft:inspect_hopper":4,"minecraft:climb_one_cm":9925,"minecraft:walk_one_cm":2259747,"minecraft:sneak_time":33545,"minecraft:walk_under_water_one_cm":11483,"minecraft:interact_with_blast_furnace":98,"minecraft:total_world_time":1222581,"minecraft:pot_flower":1,"minecraft:interact_with_stonecutter":14,"minecraft:interact_with_grindstone":16,"minecraft:time_since_rest":88472,"minecraft:damage_taken":3594,"minecraft:swim_one_cm":52835,"minecraft:fly_one_cm":2854087,"minecraft:open_chest":721,"minecraft:fall_one_cm":257679},"minecraft:mined":{"minecraft:large_amethyst_bud":4,"minecraft:stripped_warped_stem":1,"minecraft:spruce_planks":16,"minecraft:white_bed":6,"minecraft:farmland":153,"minecraft:cobbled_deepslate_stairs":3,"minecraft:andesite_stairs":1,"minecraft:sculk_vein":6,"minecraft:cobblestone_stairs":38,"minecraft:obsidian":9,"minecraft:stone_brick_wall":1,"minecraft:grass_block":200,"minecraft:oak_pressure_plate":1,"minecraft:coal_block":1,"minecraft:soul_soil":1,"minecraft:composter":6,"minecraft:nether_wart":1,"minecraft:spawner":12,"minecraft:raw_iron_block":4,"minecraft:glowstone":33,"minecraft:iron_ore":437,"minecraft:fire":3,"minecraft:cobbled_deepslate":5,"minecraft:anvil":1,"minecraft:deepslate_lapis_ore":8,"minecraft:fletching_table":4,"minecraft:azure_bluet":6,"minecraft:dirt_path":76,"minecraft:small_amethyst_bud":4,"minecraft:oak_stairs":8,"minecraft:iron_bars":1,"minecraft:green_carpet":2,"minecraft:smooth_sandstone_stairs":2,"easyanvils:minecraft/anvil":2,"minecraft:spruce_slab":1,"minecraft:tripwire":2,"minecraft:deepslate_redstone_ore":91,"minecraft:quartz_block":6,"minecraft:amethyst_cluster":2,"minecraft:medium_amethyst_bud":4,"minecraft:crimson_nylium":22,"visualworkbench:minecraft/crafting_table":3,"minecraft:torch":19,"minecraft:blast_furnace":2,"minecraft:poppy":3,"minecraft:calcite":1,"minecraft:chest":6,"minecraft:white_stained_glass_pane":1,"minecraft:nether_quartz_ore":497,"minecraft:cobblestone":808,"minecraft:oak_planks":80,"minecraft:sugar_cane":9,"minecraft:grindstone":3,"minecraft:wall_torch":10,"minecraft:seagrass":4,"minecraft:stone_stairs":1,"minecraft:warped_planks":6,"minecraft:yellow_wool":9,"minecraft:wheat":5,"minecraft:stripped_oak_wood":2,"minecraft:black_bed":1,"minecraft:yellow_stained_glass_pane":1,"minecraft:oak_log":310,"minecraft:oak_fence_gate":3,"minecraft:dirt":52,"minecraft:sand":7,"minecraft:netherrack":128,"minecraft:oak_leaves":12,"minecraft:deepslate":79,"minecraft:dark_prismarine":1,"minecraft:tuff":17,"minecraft:oak_door":11,"minecraft:mossy_cobblestone":78,"minecraft:deepslate_diamond_ore":36,"minecraft:glow_lichen":10,"minecraft:ladder":6,"minecraft:spruce_leaves":85,"minecraft:large_fern":2,"minecraft:hay_block":1,"minecraft:deepslate_brick_slab":61,"minecraft:redstone_ore":30,"minecraft:spruce_sapling":4,"minecraft:furnace":1,"minecraft:andesite":10,"minecraft:gold_block":5,"minecraft:bell":1,"minecraft:bookshelf":36,"minecraft:cobblestone_slab":12,"minecraft:deepslate_iron_ore":127,"minecraft:lantern":5,"minecraft:stripped_oak_log":4,"minecraft:stone":299,"minecraft:white_wool":9,"minecraft:podzol":18,"minecraft:smithing_table":2,"minecraft:oak_slab":18,"minecraft:glass_pane":6,"minecraft:dandelion":1,"minecraft:spruce_door":1,"minecraft:oak_fence":59,"minecraft:smooth_sandstone":6,"minecraft:short_grass":79,"minecraft:emerald_ore":47,"minecraft:sculk_sensor":2,"minecraft:lectern":16,"easyanvils:minecraft/chipped_anvil":10,"minecraft:copper_ore":1,"minecraft:tall_grass":105,"minecraft:lapis_ore":14,"minecraft:deepslate_gold_ore":14,"minecraft:sculk":71,"minecraft:diorite":9,"minecraft:warped_wart_block":1,"minecraft:spruce_stairs":2,"minecraft:purple_bed":4,"minecraft:stripped_spruce_wood":3,"minecraft:spruce_log":2614,"minecraft:dark_prismarine_slab":1,"minecraft:white_wall_banner":1,"minecraft:yellow_bed":1,"minecraft:coal_ore":654,"minecraft:ochre_froglight":1,"minecraft:gravel":499,"minecraft:lodestone":2,"minecraft:spruce_fence_gate":1,"minecraft:stone_bricks":1,"minecraft:deepslate_emerald_ore":16,"minecraft:fern":2},"minecraft:killed":{"minecraft:spider":10,"minecraft:skeleton":33,"minecraft:chicken":1,"minecraft:piglin_brute":6,"minecraft:piglin":9,"minecraft:zombie_villager":3,"minecraft:iron_golem":2,"minecraft:creeper":2,"minecraft:trader_llama":3,"minecraft:zombie":32,"minecraft:ghast":1,"minecraft:cow":7,"minecraft:slime":1,"minecraft:bat":2,"minecraft:wandering_trader":2,"minecraft:hoglin":3,"minecraft:enderman":11},"minecraft:crafted":{"minecraft:smooth_stone":3,"minecraft:oak_planks":1104,"minecraft:cobblestone_slab":12,"minecraft:purple_bed":1,"minecraft:stone":548,"minecraft:lever":1,"minecraft:diamond_shovel":5,"minecraft:bookshelf":77,"minecraft:suspicious_stew":8,"minecraft:quartz_block":86,"minecraft:glass":512,"minecraft:diamond_helmet":3,"minecraft:bow":2,"more_bows_and_arrows:diamond_bow":2,"minecraft:chest":9,"minecraft:name_tag":6,"minecraft:emerald":6914,"minecraft:diamond_axe":6,"minecraft:crafting_table":9,"minecraft:spruce_planks":29292,"minecraft:iron_helmet":6,"minecraft:wooden_pickaxe":1,"minecraft:baked_potato":59,"minecraft:spruce_door":3,"minecraft:smithing_table":1,"minecraft:chainmail_chestplate":8,"minecraft:clock":21,"minecraft:fletching_table":1,"minecraft:gold_block":12,"minecraft:campfire":21,"minecraft:apple":48,"minecraft:lectern":2,"minecraft:iron_chestplate":1,"minecraft:purple_dye":2,"minecraft:diamond_pickaxe":16,"minecraft:charcoal":32,"minecraft:emerald_block":557,"minecraft:shield":2,"minecraft:stick":59797,"minecraft:iron_ingot":822,"minecraft:compass":7,"minecraft:iron_pickaxe":4,"minecraft:iron_block":84,"minecraft:gold_ingot":99,"more_bows_and_arrows:diamond_arrow":4,"minecraft:polished_andesite":40,"minecraft:golden_carrot":1101,"minecraft:oak_door":3,"minecraft:mangrove_propagule":4,"minecraft:raw_iron":54,"minecraft:coal":27,"minecraft:stone_shovel":7,"minecraft:tripwire_hook":16,"minecraft:furnace":2,"minecraft:blast_furnace":1,"minecraft:pufferfish_bucket":1,"minecraft:cherry_sapling":4,"minecraft:bone_meal":6,"minecraft:flint_and_steel":1,"minecraft:brain_coral_block":29,"minecraft:lantern":143,"minecraft:iron_axe":13,"minecraft:spruce_slab":12,"minecraft:diamond_boots":6,"minecraft:redstone_block":35,"minecraft:golden_helmet":2,"minecraft:chainmail_leggings":12,"minecraft:wheat":549,"minecraft:cooked_beef":15,"minecraft:coal_block":51,"minecraft:red_dye":1,"minecraft:diamond_sword":2,"minecraft:iron_sword":1,"minecraft:bucket":4,"minecraft:stone_axe":3,"more_bows_and_arrows:iron_bow":2,"minecraft:enchanted_book":79,"minecraft:air":0,"minecraft:blue_dye":1,"minecraft:pumpkin_pie":72,"minecraft:torch":164,"minecraft:lapis_block":15},"minecraft:picked_up":{"minecraft:wheat":197,"minecraft:anvil":3,"minecraft:suspicious_stew":7,"minecraft:yellow_wool":18,"minecraft:lead":3,"minecraft:smithing_table":2,"minecraft:stone_slab":2,"minecraft:oak_stairs":13,"minecraft:enchanted_book":3,"minecraft:string":2710,"minecraft:soul_soil":2,"minecraft:deepslate_lapis_ore":4,"minecraft:iron_leggings":1,"minecraft:beetroot":4,"minecraft:gold_nugget":31,"minecraft:cobbled_deepslate":85,"minecraft:bucket":1,"minecraft:spruce_planks":299,"minecraft:cobblestone_slab":13,"minecraft:azalea":1,"minecraft:iron_pickaxe":1,"minecraft:coal_block":1,"minecraft:deepslate_iron_ore":63,"minecraft:furnace":1,"minecraft:golden_helmet":2,"minecraft:stick":849,"minecraft:composter":9,"minecraft:oak_fence":109,"minecraft:torch":86,"minecraft:spruce_stairs":2,"minecraft:diorite":9,"minecraft:warped_planks":6,"minecraft:quartz_block":6,"minecraft:stone_sword":1,"minecraft:rotten_flesh":57,"minecraft:glowstone":32,"minecraft:obsidian":9,"minecraft:iron_bars":1,"minecraft:cobblestone":1225,"minecraft:leather_chestplate":1,"minecraft:feather":2,"minecraft:medium_amethyst_bud":4,"minecraft:andesite":22,"minecraft:black_bed":1,"minecraft:golden_leggings":1,"minecraft:potato":46,"minecraft:flint":645,"minecraft:smooth_sandstone_stairs":2,"minecraft:tuff":12,"minecraft:stripped_spruce_wood":2,"minecraft:lapis_lazuli":140,"minecraft:dirt":509,"minecraft:lantern":10,"minecraft:leather_boots":1,"minecraft:bone":77,"minecraft:chipped_anvil":10,"minecraft:large_amethyst_bud":4,"minecraft:bow":4,"minecraft:wheat_seeds":284,"minecraft:deepslate_brick_slab":70,"minecraft:raw_gold":15,"minecraft:bell":1,"minecraft:grindstone":3,"minecraft:fletching_table":4,"minecraft:diamond_helmet":1,"minecraft:oak_planks":92,"minecraft:ghast_tear":1,"minecraft:warped_wart_block":1,"minecraft:oak_pressure_plate":2,"minecraft:sand":7,"minecraft:ink_sac":1,"minecraft:mossy_cobblestone":80,"minecraft:dark_prismarine":1,"minecraft:spruce_fence_gate":1,"minecraft:deepslate":2,"minecraft:diamond":46,"minecraft:soul_lantern":1,"minecraft:deepslate_gold_ore":7,"minecraft:cracked_polished_blackstone_bricks":3,"minecraft:crossbow":2,"minecraft:bone_meal":78,"minecraft:spruce_sign":14,"minecraft:emerald":385,"minecraft:oak_sapling":16,"minecraft:netherrack":216,"minecraft:andesite_slab":1,"minecraft:crimson_roots":4,"minecraft:diamond_pickaxe":8,"minecraft:charcoal":85,"minecraft:crafting_table":4,"minecraft:azure_bluet":7,"minecraft:chicken":1,"minecraft:ladder":7,"minecraft:nether_wart":4,"minecraft:brown_mushroom":2,"minecraft:leather_leggings":1,"minecraft:wooden_pickaxe":1,"minecraft:stone_brick_wall":1,"minecraft:gold_block":9,"minecraft:cornflower":2,"minecraft:stone_stairs":1,"minecraft:blackstone":6,"minecraft:stripped_warped_stem":1,"minecraft:deepslate_diamond_ore":18,"minecraft:beef":15,"minecraft:andesite_stairs":1,"minecraft:poppy":6,"minecraft:lectern":17,"minecraft:sugar_cane":26,"minecraft:chest":5,"minecraft:copper_ore":1,"minecraft:egg":1,"minecraft:raw_iron":766,"minecraft:sandstone":6,"minecraft:stone":145,"minecraft:oak_door":14,"minecraft:bowl":4,"minecraft:amethyst_cluster":2,"minecraft:polished_blackstone_bricks":1,"minecraft:carrot":166,"minecraft:redstone":392,"minecraft:arrow":57,"minecraft:stone_shovel":14,"minecraft:diamond_chestplate":1,"minecraft:beetroot_seeds":13,"minecraft:diamond_boots":1,"minecraft:hay_block":61,"minecraft:gold_ingot":6,"minecraft:mutton":1,"minecraft:emerald_ore":20,"minecraft:white_wool":19,"minecraft:oxeye_daisy":7,"minecraft:lapis_ore":7,"minecraft:stripped_oak_log":4,"minecraft:golden_carrot":95,"minecraft:leather":11,"minecraft:ochre_froglight":1,"minecraft:oak_log":311,"minecraft:chainmail_chestplate":8,"minecraft:cobbled_deepslate_stairs":3,"minecraft:golden_boots":1,"minecraft:yellow_bed":2,"minecraft:gunpowder":6,"minecraft:cobblestone_stairs":42,"minecraft:white_banner":1,"minecraft:apple":2,"minecraft:stone_bricks":1,"minecraft:deepslate_emerald_ore":8,"minecraft:iron_ingot":17,"minecraft:oak_fence_gate":6,"minecraft:stone_pickaxe":1,"minecraft:iron_ore":213,"minecraft:stripped_oak_wood":2,"minecraft:book":228,"minecraft:oak_slab":36,"minecraft:warped_fungus":1,"minecraft:sculk":64,"minecraft:quartz":1028,"minecraft:dandelion":2,"minecraft:raw_iron_block":6,"minecraft:gravel":225,"minecraft:small_amethyst_bud":4,"minecraft:spruce_sapling":449,"minecraft:blast_furnace":2,"minecraft:white_bed":10,"minecraft:spruce_log":7492,"minecraft:spider_eye":12,"minecraft:green_carpet":2,"minecraft:spruce_door":1,"minecraft:purple_bed":4,"minecraft:diamond_shovel":1,"minecraft:sculk_sensor":2,"minecraft:coal_ore":197,"minecraft:slime_ball":1,"minecraft:stone_axe":6,"minecraft:chainmail_leggings":2,"minecraft:iron_helmet":7,"minecraft:redstone_ore":15,"minecraft:deepslate_redstone_ore":46,"minecraft:diamond_axe":2,"minecraft:warped_roots":3,"minecraft:lodestone":2,"minecraft:baked_potato":5,"minecraft:coal":1113,"minecraft:ender_pearl":14}},"DataVersion":3953}