{"stats":{"minecraft:mined":{"minecraft:granite":111,"minecraft:budding_amethyst":21,"minecraft:grass_block":781,"minecraft:deepslate_bricks":33,"minecraft:oak_wall_sign":1,"minecraft:raw_iron_block":2,"minecraft:iron_ore":96,"minecraft:pumpkin":33,"minecraft:deepslate_lapis_ore":15,"minecraft:oak_sign":5,"minecraft:dirt_path":1,"minecraft:gray_terracotta":8,"minecraft:powder_snow":15,"minecraft:clay":137,"minecraft:torch":13,"diagonalfences:minecraft/oak_fence":6,"minecraft:calcite":100,"minecraft:melon":47,"minecraft:chest":99,"minecraft:wall_torch":1,"minecraft:amethyst_block":134,"minecraft:deepslate_copper_ore":25,"minecraft:white_terracotta":31,"minecraft:blue_terracotta":3,"minecraft:birch_log":161,"minecraft:wheat":43,"minecraft:blue_ice":22,"minecraft:oak_log":364,"minecraft:dirt":135,"minecraft:smooth_basalt":37,"minecraft:raw_copper_block":3,"minecraft:deepslate":118,"minecraft:suspicious_gravel":57,"minecraft:deepslate_tiles":20,"minecraft:diamond_ore":5,"minecraft:tuff":35,"minecraft:deepslate_diamond_ore":1,"minecraft:dark_oak_log":29,"minecraft:decorated_pot":1,"minecraft:raw_gold_block":5,"minecraft:andesite":116,"minecraft:deepslate_iron_ore":34,"minecraft:packed_ice":25,"minecraft:stone":541,"minecraft:white_wool":1,"minecraft:podzol":158,"minecraft:snow_block":94,"minecraft:crafting_table":2,"minecraft:copper_ore":190,"minecraft:deepslate_coal_ore":20,"minecraft:deepslate_gold_ore":21,"minecraft:diorite":121,"minecraft:ice":5,"minecraft:spruce_log":32,"minecraft:coal_ore":66,"minecraft:dripstone_block":7,"minecraft:gravel":306,"minecraft:terracotta":18,"minecraft:gold_ore":11},"minecraft:custom":{"minecraft:animals_bred":1,"minecraft:interact_with_crafting_table":25,"minecraft:leave_game":4,"minecraft:time_since_death":7332,"minecraft:sprint_one_cm":101087,"minecraft:drop":160,"minecraft:play_time":433211,"minecraft:deaths":11,"minecraft:jump":1081,"minecraft:walk_on_water_one_cm":877,"minecraft:interact_with_furnace":18,"minecraft:sleep_in_bed":6,"minecraft:damage_dealt":22989,"minecraft:player_kills":2,"minecraft:crouch_one_cm":35364,"minecraft:mob_kills":145,"minecraft:climb_one_cm":2380,"minecraft:walk_one_cm":534038,"minecraft:sneak_time":19039,"minecraft:total_world_time":433211,"minecraft:interact_with_stonecutter":6,"minecraft:time_since_rest":7365,"minecraft:damage_taken":4973,"minecraft:fly_one_cm":717251,"minecraft:open_chest":434,"minecraft:fall_one_cm":3745},"minecraft:used":{"minecraft:writable_book":1,"minecraft:polished_deepslate":82,"minecraft:spruce_slab":311,"minecraft:oak_sign":1,"minecraft:decorated_pot":1,"minecraft:chest":8,"minecraft:iron_chestplate":1,"minecraft:spruce_leaves":97,"minecraft:mooshroom_spawn_egg":6,"slabsexpanded:glass_slab":7,"minecraft:deepslate_tile_slab":113,"minecraft:deepslate_brick_slab":500,"plentyofarmors:copper_helmet":1,"minecraft:polished_deepslate_stairs":63,"minecraft:polished_blackstone_slab":1,"minecraft:glass":351,"minecraft:lantern":12,"minecraft:grass_block":8,"minecraft:green_wool":1,"minecraft:iron_helmet":2,"minecraft:bedrock":24,"plentyofarmors:copper_boots":2,"minecraft:oak_sapling":2,"minecraft:egg":3,"minecraft:waxed_oxidized_cut_copper_slab":14,"minecraft:birch_leaves":45,"minecraft:stone_pickaxe":159,"minecraft:wooden_pickaxe":49,"minecraft:oak_leaves":85,"minecraft:white_wool":2,"slabsexpanded:oak_leaves_slab":1,"minecraft:mushroom_stew":12,"minecraft:wooden_sword":2,"minecraft:birch_log":1,"slabsexpanded:brown_stained_glass_slab":7,"minecraft:oak_fence":7,"minecraft:stone_sword":1,"minecraft:stone_shovel":259,"minecraft:wooden_shovel":217,"minecraft:torch":30,"minecraft:dirt":251,"plentyofarmors:copper_leggings":1,"piercingpaxels:iron_paxel":3301,"piercingpaxels:stone_paxel":483,"minecraft:spruce_fence":38,"plentyofarmors:copper_chestplate":1,"slabsexpanded:spruce_leaves_slab":1,"minecraft:stone_brick_slab":68,"minecraft:wooden_axe":110,"minecraft:iron_boots":1,"slabsexpanded:cherry_leaves_slab":1,"minecraft:magenta_wool":1,"minecraft:cooked_beef":9,"minecraft:powder_snow_bucket":7,"minecraft:iron_leggings":1,"minecraft:cobbled_deepslate_wall":13,"minecraft:wheat_seeds":43,"minecraft:stonecutter":1,"minecraft:leather_boots":1,"minecraft:polished_deepslate_slab":230,"slabsexpanded:black_stained_glass_slab":9,"minecraft:crafting_table":3,"minecraft:white_bed":1,"minecraft:spruce_trapdoor":16,"minecraft:stone_axe":156,"minecraft:purple_bed":2,"minecraft:cooked_porkchop":9,"minecraft:bucket":7,"minecraft:brush":7},"minecraft:broken":{"minecraft:wooden_shovel":3,"minecraft:stone_pickaxe":1,"minecraft:stone_axe":1,"minecraft:wooden_axe":2,"minecraft:stone_shovel":1},"minecraft:killed_by":{"minecraft:spider":1,"cave_dweller:cave_dweller":3},"minecraft:crafted":{"minecraft:oak_planks":36,"minecraft:decorated_pot":1,"minecraft:stone_hoe":1,"minecraft:wooden_shovel":2,"minecraft:crafting_table":1,"minecraft:wooden_pickaxe":1,"minecraft:brush":1,"minecraft:copper_ingot":41,"minecraft:birch_planks":24,"minecraft:stick":80,"minecraft:iron_ingot":49,"minecraft:stone_sword":2,"minecraft:gold_ingot":10,"minecraft:wooden_sword":1,"minecraft:raw_iron":9,"minecraft:stone_shovel":2,"minecraft:leather_boots":1,"piercingpaxels:iron_paxel":1,"piercingpaxels:stone_paxel":1,"minecraft:stone_pickaxe":2,"minecraft:cooked_beef":12,"minecraft:stone_axe":2,"minecraft:air":0,"minecraft:raw_gold":45,"minecraft:wooden_axe":2,"minecraft:white_bed":1,"minecraft:torch":8,"minecraft:clay":38},"minecraft:picked_up":{"minecraft:music_disc_strad":1,"minecraft:wheat":42,"plentyofarmors:copper_helmet":1,"minecraft:amethyst_block":36,"minecraft:string":12,"minecraft:raw_copper":781,"minecraft:oak_sign":6,"minecraft:deepslate_tiles":2,"minecraft:cobbled_deepslate":17,"minecraft:calcite":23,"minecraft:azalea":3,"minecraft:wooden_shovel":2,"minecraft:melon_slice":145,"minecraft:tipped_arrow":1,"minecraft:music_disc_blocks":1,"minecraft:oak_fence":5,"minecraft:torch":19,"plentyofarmors:copper_boots":1,"minecraft:porkchop":21,"minecraft:diorite":41,"minecraft:rabbit_foot":1,"minecraft:zombie_spawn_egg":1,"minecraft:rotten_flesh":21,"minecraft:light_blue_wool":1,"minecraft:music_disc_ward":1,"minecraft:green_wool":1,"minecraft:white_terracotta":4,"plentyofarmors:copper_chestplate":1,"minecraft:cobblestone":246,"minecraft:birch_log":88,"minecraft:cooked_beef":27,"minecraft:feather":16,"minecraft:water_bucket":2,"minecraft:andesite":44,"minecraft:potato":1,"minecraft:flint":20,"minecraft:tuff":6,"minecraft:lapis_lazuli":94,"minecraft:dirt":619,"minecraft:leather_boots":1,"minecraft:bone":13,"minecraft:gray_terracotta":2,"minecraft:wheat_seeds":113,"minecraft:rabbit":13,"minecraft:glow_lichen":1,"minecraft:cooked_porkchop":13,"piercingpaxels:stone_paxel":1,"minecraft:ink_sac":2,"minecraft:grass_block":2,"minecraft:dark_oak_log":16,"minecraft:skeleton_spawn_egg":1,"minecraft:diamond":1,"minecraft:writable_book":1,"minecraft:granite":37,"minecraft:oak_sapling":8,"minecraft:crafting_table":2,"minecraft:purple_wool":1,"minecraft:chicken":3,"minecraft:ladder":3,"minecraft:clay_ball":328,"minecraft:brown_mushroom":2,"minecraft:wooden_pickaxe":1,"minecraft:spider_spawn_egg":1,"minecraft:item_frame":3,"minecraft:magenta_wool":3,"minecraft:beef":34,"minecraft:birch_sapling":4,"minecraft:chest":55,"minecraft:egg":14,"minecraft:raw_copper_block":3,"minecraft:raw_iron":32,"minecraft:copper_ingot":7,"minecraft:mooshroom_spawn_egg":1,"minecraft:amethyst_cluster":1,"piercingpaxels:iron_paxel":1,"minecraft:carrot":2,"minecraft:chicken_spawn_egg":1,"minecraft:arrow":8,"minecraft:stone_shovel":1,"minecraft:decorated_pot":1,"minecraft:deepslate_bricks":10,"minecraft:mutton":24,"minecraft:white_wool":10,"minecraft:rail":2,"minecraft:golden_carrot":2,"minecraft:leather":19,"minecraft:red_mushroom":2,"minecraft:mushroom_stew":14,"minecraft:oak_log":230,"minecraft:gunpowder":1,"minecraft:paper":3,"minecraft:apple":21,"minecraft:rabbit_hide":6,"minecraft:stone_pickaxe":1,"minecraft:iron_ingot":1,"minecraft:flowering_azalea":1,"minecraft:smooth_basalt":3,"minecraft:pumpkin":22,"minecraft:sweet_berries":3,"minecraft:gravel":136,"plentyofarmors:copper_leggings":1,"minecraft:amethyst_shard":4,"minecraft:spruce_sapling":6,"minecraft:spider_eye":4,"minecraft:pumpkin_seeds":1,"minecraft:stone_axe":1,"minecraft:iron_helmet":1,"minecraft:melon_seeds":1,"minecraft:coal":48},"minecraft:killed":{"minecraft:spider":17,"minecraft:skeleton":6,"minecraft:fox":1,"minecraft:chicken":7,"minecraft:pig":12,"minecraft:creeper":3,"minecraft:sheep":19,"minecraft:goat":4,"minecraft:zombie":27,"minecraft:mooshroom":6,"minecraft:stray":6,"minecraft:cow":15,"minecraft:rabbit":13,"minecraft:player":2,"minecraft:enderman":3},"minecraft:dropped":{"minecraft:candle":2,"minecraft:porkchop":9,"minecraft:lapis_lazuli":94,"minecraft:oak_log":6,"minecraft:diamond":1,"minecraft:decorated_pot":1,"plentyofarmors:copper_boots":1,"minecraft:leather":6,"minecraft:dirt":67,"minecraft:wither_skeleton_spawn_egg":1,"minecraft:dark_oak_log":16,"minecraft:raw_copper_block":6,"minecraft:brush":1,"minecraft:mutton":11,"minecraft:wooden_sword":2,"minecraft:amethyst_shard":4,"minecraft:sunflower":2,"minecraft:birch_log":2,"minecraft:white_wool":1,"minecraft:bone":7,"minecraft:gravel":2,"minecraft:stone_axe":1,"plentyofarmors:copper_chestplate":1,"plentyofarmors:copper_leggings":1,"minecraft:cobbled_deepslate":17,"minecraft:deepslate_brick_slab":1,"minecraft:rotten_flesh":14,"minecraft:oak_planks":50,"piercingpaxels:iron_paxel":2,"minecraft:carrot":2,"minecraft:rabbit_hide":1,"minecraft:deepslate_tiles":2,"minecraft:tipped_arrow":1,"minecraft:gunpowder":1,"minecraft:leather_boots":1,"minecraft:chest":23,"minecraft:arrow":4,"minecraft:beef":16,"minecraft:egg":1,"minecraft:wheat_seeds":63,"minecraft:oak_fence":3,"minecraft:feather":2,"minecraft:iron_helmet":1,"minecraft:cobblestone":23,"minecraft:apple":3,"minecraft:amethyst_block":10,"minecraft:copper_ingot":53,"minecraft:enderman_spawn_egg":1,"minecraft:coal":9,"minecraft:mushroom_stew":11,"minecraft:stick":6,"plentyofarmors:copper_helmet":1,"minecraft:torch":2,"minecraft:rabbit":1,"minecraft:flowering_azalea":2,"minecraft:string":1,"minecraft:polished_deepslate":1,"minecraft:stone_sword":1,"minecraft:raw_copper":930,"minecraft:bowl":3,"minecraft:tuff":6,"minecraft:stone_shovel":1,"minecraft:polished_deepslate_slab":1,"minecraft:white_terracotta":4,"minecraft:oak_sign":1,"minecraft:polished_deepslate_stairs":1,"minecraft:deepslate_bricks":10,"minecraft:gray_terracotta":2,"minecraft:allium":2,"minecraft:oak_sapling":2,"minecraft:wooden_shovel":2,"minecraft:spider_eye":1,"minecraft:light_gray_dye":4,"minecraft:spruce_log":2,"minecraft:stone_pickaxe":3,"minecraft:wooden_pickaxe":3,"minecraft:calcite":1}},"DataVersion":3465}