{"stats":{"minecraft:used":{"minecraft:oak_fence":7,"minecraft:stone_sword":1,"minecraft:stone_shovel":259,"minecraft:chest":8,"minecraft:wooden_shovel":217,"minecraft:torch":20,"minecraft:dirt":251,"plentyofarmors:copper_leggings":1,"piercingpaxels:iron_paxel":1381,"plentyofarmors:copper_helmet":1,"piercingpaxels:stone_paxel":483,"plentyofarmors:copper_chestplate":1,"minecraft:wooden_axe":110,"minecraft:green_wool":1,"minecraft:iron_helmet":1,"minecraft:bedrock":23,"plentyofarmors:copper_boots":1,"minecraft:magenta_wool":1,"minecraft:oak_sapling":2,"minecraft:egg":3,"minecraft:cooked_beef":9,"minecraft:wheat_seeds":1,"minecraft:stone_pickaxe":159,"minecraft:wooden_pickaxe":49,"minecraft:white_wool":2,"minecraft:crafting_table":3,"minecraft:mushroom_stew":12,"minecraft:white_bed":1,"minecraft:stone_axe":156,"minecraft:wooden_sword":2,"minecraft:birch_log":1,"minecraft:brush":7},"minecraft:picked_up":{"minecraft:crafting_table":2,"minecraft:chicken":1,"minecraft:ladder":3,"minecraft:clay_ball":152,"plentyofarmors:copper_helmet":1,"minecraft:wooden_pickaxe":1,"minecraft:spider_spawn_egg":1,"minecraft:amethyst_block":10,"minecraft:string":4,"minecraft:raw_copper":583,"minecraft:magenta_wool":1,"minecraft:deepslate_tiles":1,"minecraft:cobbled_deepslate":17,"minecraft:beef":16,"minecraft:calcite":6,"minecraft:wooden_shovel":2,"minecraft:melon_slice":76,"minecraft:chest":26,"minecraft:raw_copper_block":3,"minecraft:egg":5,"minecraft:tipped_arrow":1,"minecraft:raw_iron":7,"minecraft:copper_ingot":7,"minecraft:oak_fence":5,"minecraft:torch":7,"plentyofarmors:copper_boots":1,"minecraft:porkchop":12,"minecraft:diorite":4,"minecraft:carrot":1,"minecraft:chicken_spawn_egg":1,"minecraft:rotten_flesh":10,"minecraft:arrow":4,"minecraft:stone_shovel":1,"minecraft:light_blue_wool":1,"minecraft:deepslate_bricks":5,"plentyofarmors:copper_chestplate":1,"minecraft:green_wool":1,"minecraft:white_terracotta":4,"minecraft:mutton":15,"minecraft:white_wool":6,"minecraft:cobblestone":85,"minecraft:birch_log":39,"minecraft:feather":3,"minecraft:cooked_beef":4,"minecraft:andesite":15,"minecraft:leather":4,"minecraft:mushroom_stew":14,"minecraft:flint":5,"minecraft:tuff":3,"minecraft:oak_log":101,"minecraft:gunpowder":1,"minecraft:lapis_lazuli":94,"minecraft:dirt":298,"minecraft:bone":9,"minecraft:gray_terracotta":2,"minecraft:wheat_seeds":1,"minecraft:rabbit_hide":1,"minecraft:stone_pickaxe":1,"minecraft:rabbit":1,"minecraft:smooth_basalt":2,"minecraft:pumpkin":8,"plentyofarmors:copper_leggings":1,"minecraft:gravel":61,"minecraft:amethyst_shard":4,"piercingpaxels:stone_paxel":1,"minecraft:dark_oak_log":8,"minecraft:spider_eye":1,"minecraft:diamond":1,"minecraft:stone_axe":1,"minecraft:iron_helmet":1,"minecraft:granite":5,"minecraft:oak_sapling":1,"minecraft:coal":16},"minecraft:mined":{"minecraft:deepslate_tiles":11,"minecraft:diamond_ore":5,"minecraft:tuff":31,"minecraft:dark_oak_log":23,"minecraft:granite":76,"minecraft:budding_amethyst":20,"minecraft:grass_block":365,"minecraft:deepslate_bricks":23,"minecraft:raw_iron_block":2,"minecraft:raw_gold_block":5,"minecraft:iron_ore":67,"minecraft:andesite":81,"minecraft:pumpkin":12,"minecraft:deepslate_lapis_ore":15,"minecraft:deepslate_iron_ore":27,"minecraft:dirt_path":1,"minecraft:packed_ice":25,"minecraft:stone":328,"minecraft:white_wool":1,"minecraft:podzol":67,"minecraft:gray_terracotta":8,"minecraft:snow_block":94,"minecraft:powder_snow":15,"minecraft:clay":58,"minecraft:crafting_table":2,"minecraft:torch":5,"diagonalfences:minecraft/oak_fence":6,"minecraft:calcite":79,"minecraft:melon":19,"minecraft:chest":54,"minecraft:copper_ore":114,"minecraft:deepslate_coal_ore":20,"minecraft:deepslate_gold_ore":20,"minecraft:diorite":79,"minecraft:wall_torch":1,"minecraft:amethyst_block":102,"minecraft:deepslate_copper_ore":24,"minecraft:white_terracotta":31,"minecraft:blue_terracotta":3,"minecraft:birch_log":72,"minecraft:wheat":1,"minecraft:blue_ice":22,"minecraft:ice":5,"minecraft:spruce_log":30,"minecraft:oak_log":163,"minecraft:coal_ore":36,"minecraft:gravel":152,"minecraft:dripstone_block":7,"minecraft:dirt":96,"minecraft:smooth_basalt":36,"minecraft:terracotta":18,"minecraft:raw_copper_block":3,"minecraft:gold_ore":11,"minecraft:deepslate":103,"minecraft:suspicious_gravel":52},"minecraft:killed_by":{"minecraft:spider":1},"minecraft:killed":{"minecraft:spider":7,"minecraft:skeleton":1,"minecraft:fox":1,"minecraft:chicken":1,"minecraft:pig":5,"minecraft:rabbit":1,"minecraft:creeper":1,"minecraft:sheep":10,"minecraft:goat":4,"minecraft:zombie":12,"minecraft:mooshroom":1,"minecraft:stray":6,"minecraft:player":2,"minecraft:cow":6},"minecraft:crafted":{"minecraft:wooden_sword":1,"minecraft:oak_planks":36,"minecraft:stone_shovel":2,"piercingpaxels:stone_paxel":1,"minecraft:stone_pickaxe":2,"minecraft:stone_hoe":1,"minecraft:cooked_beef":9,"minecraft:wooden_shovel":2,"minecraft:crafting_table":1,"minecraft:wooden_pickaxe":1,"minecraft:brush":1,"minecraft:copper_ingot":39,"minecraft:birch_planks":24,"minecraft:stone_axe":2,"minecraft:air":0,"minecraft:stick":80,"minecraft:wooden_axe":2,"minecraft:stone_sword":2,"minecraft:white_bed":1,"minecraft:torch":8,"minecraft:clay":38},"minecraft:broken":{"minecraft:wooden_shovel":3,"minecraft:stone_pickaxe":1,"minecraft:stone_axe":1,"minecraft:wooden_axe":2,"minecraft:stone_shovel":1},"minecraft:custom":{"minecraft:mob_kills":58,"minecraft:interact_with_crafting_table":22,"minecraft:leave_game":2,"minecraft:time_since_death":7074,"minecraft:climb_one_cm":2380,"minecraft:sprint_one_cm":14015,"minecraft:walk_one_cm":222620,"minecraft:drop":129,"minecraft:play_time":157011,"minecraft:sneak_time":9563,"minecraft:deaths":3,"minecraft:jump":353,"minecraft:walk_on_water_one_cm":667,"minecraft:total_world_time":157011,"minecraft:interact_with_furnace":4,"minecraft:time_since_rest":7715,"minecraft:damage_taken":2402,"minecraft:damage_dealt":10533,"minecraft:fly_one_cm":20374,"minecraft:player_kills":2,"minecraft:open_chest":278,"minecraft:crouch_one_cm":28811,"minecraft:fall_one_cm":3413},"minecraft:dropped":{"minecraft:candle":2,"minecraft:porkchop":9,"minecraft:lapis_lazuli":94,"minecraft:oak_log":5,"minecraft:diamond":1,"minecraft:iron_helmet":1,"minecraft:cobblestone":23,"minecraft:oak_fence":3,"minecraft:feather":2,"minecraft:amethyst_block":5,"minecraft:apple":3,"minecraft:leather":4,"minecraft:copper_ingot":12,"minecraft:enderman_spawn_egg":1,"minecraft:coal":9,"minecraft:mushroom_stew":11,"minecraft:stick":6,"minecraft:dirt":67,"minecraft:wither_skeleton_spawn_egg":1,"minecraft:dark_oak_log":8,"minecraft:raw_copper_block":6,"minecraft:mutton":11,"minecraft:rabbit":1,"minecraft:sunflower":2,"minecraft:amethyst_shard":4,"minecraft:wooden_sword":2,"minecraft:flowering_azalea":2,"minecraft:string":1,"minecraft:birch_log":2,"minecraft:white_wool":1,"minecraft:bone":7,"minecraft:gravel":2,"minecraft:stone_axe":1,"minecraft:cobbled_deepslate":17,"minecraft:stone_sword":1,"minecraft:raw_copper":927,"minecraft:bowl":3,"minecraft:tuff":3,"minecraft:stone_shovel":1,"minecraft:rotten_flesh":9,"minecraft:oak_planks":50,"minecraft:white_terracotta":4,"minecraft:carrot":2,"minecraft:deepslate_bricks":5,"minecraft:rabbit_hide":1,"minecraft:deepslate_tiles":1,"minecraft:tipped_arrow":1,"minecraft:gray_terracotta":2,"minecraft:gunpowder":1,"minecraft:allium":2,"minecraft:oak_sapling":2,"minecraft:chest":22,"minecraft:wooden_shovel":2,"minecraft:spider_eye":1,"minecraft:light_gray_dye":4,"minecraft:spruce_log":2,"minecraft:wooden_pickaxe":3,"minecraft:beef":13,"minecraft:arrow":4,"minecraft:stone_pickaxe":3,"minecraft:calcite":1,"minecraft:egg":1}},"DataVersion":3465}