{"stats":{"minecraft:killed_by":{"minecraft:zombie":1,"minecraft:skeleton":4},"minecraft:used":{"minecraft:moss_carpet":1,"minecraft:spruce_slab":1,"minecraft:poppy":4,"minecraft:chest":2,"minecraft:shield":38,"minecraft:iron_sword":220,"minecraft:smooth_sandstone_stairs":1,"minecraft:iron_chestplate":1,"minecraft:birch_pressure_plate":1,"minecraft:allium":1,"minecraft:azure_bluet":2,"minecraft:lava_bucket":44,"minecraft:grass_block":3,"minecraft:lantern":1,"minecraft:dark_oak_slab":2,"minecraft:stone_bricks":1,"minecraft:bow":2,"minecraft:hay_block":4,"minecraft:oak_sapling":1,"minecraft:furnace":1,"minecraft:egg":4,"minecraft:stripped_spruce_wood":10,"minecraft:diorite":2,"minecraft:diamond_boots":1,"minecraft:spruce_door":6,"minecraft:oak_planks":56,"minecraft:stone_pickaxe":124,"minecraft:gray_carpet":4,"minecraft:mangrove_planks":1,"minecraft:orange_tulip":1,"minecraft:wooden_pickaxe":3,"minecraft:sandstone":3,"minecraft:diamond_axe":30,"minecraft:glow_berries":7,"minecraft:white_wool":4,"minecraft:loom":1,"minecraft:blast_furnace":5,"minecraft:crossbow":1,"minecraft:black_bed":15,"minecraft:ochre_froglight":5,"more_bows_and_arrows:diamond_bow":15,"minecraft:string":4,"minecraft:brown_wool":4,"minecraft:lectern":1,"minecraft:soul_lantern":2,"minecraft:diamond_sword":114,"minecraft:fire_charge":1,"minecraft:wooden_sword":4,"minecraft:stripped_oak_wood":1,"minecraft:grindstone":1,"minecraft:andesite":8,"minecraft:tropical_fish_bucket":1,"minecraft:diorite_slab":1,"minecraft:experience_bottle":5,"minecraft:polished_blackstone_brick_slab":1,"minecraft:stone_sword":17,"minecraft:stripped_warped_stem":1,"minecraft:spruce_planks":2,"minecraft:cooked_chicken":2,"minecraft:torch":524,"minecraft:dirt":18,"minecraft:spyglass":6,"minecraft:anvil":5,"minecraft:spruce_stairs":2,"minecraft:iron_axe":303,"minecraft:barrel":1,"minecraft:bamboo":1,"minecraft:diamond_chestplate":1,"minecraft:cooked_beef":28,"minecraft:cobbled_deepslate":194,"minecraft:light_gray_bed":4,"minecraft:calcite":5,"minecraft:water_bucket":18,"minecraft:bundle":1,"minecraft:baked_potato":80,"minecraft:brown_mushroom":5,"minecraft:green_bed":15,"minecraft:polished_blackstone_bricks":5,"minecraft:mossy_cobblestone":1,"minecraft:stripped_dark_oak_log":1,"minecraft:crafting_table":17,"minecraft:dark_prismarine_slab":2,"minecraft:oak_slab":3,"minecraft:warped_planks":6,"minecraft:smoker":7,"minecraft:flower_pot":1,"minecraft:cornflower":1,"minecraft:dark_prismarine":1,"minecraft:diamond_pickaxe":386,"minecraft:suspicious_stew":1,"minecraft:iron_pickaxe":810,"minecraft:spruce_pressure_plate":1,"minecraft:spruce_sapling":1,"minecraft:stone_axe":104,"minecraft:blue_carpet":4,"minecraft:cobblestone":190,"minecraft:potion":4,"minecraft:andesite_stairs":1,"minecraft:bucket":65,"minecraft:sea_pickle":6,"minecraft:wither_rose":1,"minecraft:diamond_leggings":2,"minecraft:gray_wool":2,"minecraft:jukebox":15},"minecraft:custom":{"minecraft:interact_with_crafting_table":122,"minecraft:open_barrel":365,"minecraft:leave_game":4,"minecraft:time_since_death":152100,"minecraft:sprint_one_cm":852901,"minecraft:damage_blocked_by_shield":2044,"minecraft:drop":245,"minecraft:talked_to_villager":24,"minecraft:play_time":613676,"minecraft:deaths":6,"minecraft:jump":8238,"minecraft:interact_with_brewingstand":6,"minecraft:walk_on_water_one_cm":38399,"minecraft:interact_with_furnace":38,"minecraft:traded_with_villager":7,"minecraft:interact_with_loom":1,"minecraft:sleep_in_bed":36,"minecraft:damage_dealt":26504,"minecraft:crouch_one_cm":13701,"minecraft:interact_with_smoker":87,"minecraft:interact_with_anvil":14,"minecraft:mob_kills":200,"minecraft:inspect_hopper":1,"minecraft:interact_with_campfire":45,"minecraft:climb_one_cm":16980,"minecraft:walk_one_cm":1596996,"minecraft:sneak_time":15938,"minecraft:walk_under_water_one_cm":34167,"minecraft:interact_with_lectern":4,"minecraft:boat_one_cm":410911,"minecraft:interact_with_blast_furnace":120,"minecraft:total_world_time":613676,"minecraft:pot_flower":1,"minecraft:interact_with_grindstone":8,"minecraft:interact_with_stonecutter":3,"minecraft:time_since_rest":9522,"minecraft:damage_taken":5660,"minecraft:swim_one_cm":230990,"minecraft:fly_one_cm":2366090,"minecraft:open_chest":328,"minecraft:fall_one_cm":211247},"minecraft:dropped":{"minecraft:iron_sword":5,"minecraft:acacia_wood":4,"minecraft:moss_block":1,"minecraft:porkchop":8,"minecraft:lapis_lazuli":193,"minecraft:oak_log":17,"minecraft:baked_potato":29,"minecraft:glass_bottle":1,"minecraft:crafting_table":1,"minecraft:dark_oak_slab":5,"minecraft:lantern":1,"minecraft:black_bed":2,"minecraft:leather":13,"minecraft:mossy_stone_brick_stairs":2,"minecraft:black_banner":1,"minecraft:sentry_armor_trim_smithing_template":2,"minecraft:cod":3,"minecraft:gold_block":22,"minecraft:dirt":1,"minecraft:mutton":21,"minecraft:gold_nugget":1,"minecraft:wooden_sword":1,"minecraft:amethyst_shard":4,"minecraft:sand":17,"minecraft:iron_pickaxe":3,"minecraft:stripped_oak_wood":2,"minecraft:black_concrete":1,"minecraft:white_wool":4,"more_bows_and_arrows:emerald_bow":1,"minecraft:gold_ingot":2,"minecraft:bone":90,"minecraft:cherry_boat":1,"minecraft:polished_andesite_slab":3,"minecraft:golden_chestplate":2,"minecraft:cobbled_deepslate":75,"minecraft:black_carpet":1,"minecraft:wheat":8,"minecraft:rotten_flesh":18,"minecraft:oak_planks":45,"minecraft:diamond_shovel":6,"minecraft:cooked_mutton":34,"minecraft:warped_planks":1,"minecraft:salmon":1,"minecraft:eye_armor_trim_smithing_template":4,"minecraft:charcoal":2,"minecraft:spruce_slab":2,"minecraft:arrow":24,"minecraft:beef":28,"minecraft:written_book":2,"minecraft:enchanted_book":1,"minecraft:iron_ingot":33,"minecraft:bread":33,"minecraft:wheat_seeds":8,"minecraft:golden_helmet":1,"minecraft:tnt":19,"minecraft:diamond_leggings":1,"minecraft:iron_helmet":2,"minecraft:feather":5,"minecraft:cobblestone":100,"minecraft:book":32,"minecraft:amethyst_block":2,"minecraft:apple":57,"minecraft:spruce_door":2,"minecraft:spruce_stairs":3,"minecraft:polished_blackstone_button":2,"minecraft:grass_block":1,"minecraft:coal":95,"minecraft:stick":82,"minecraft:polished_andesite":1,"minecraft:iron_block":42,"minecraft:golden_carrot":10,"minecraft:torch":2,"minecraft:lodestone":2,"minecraft:diamond_helmet":1,"minecraft:iron_leggings":1,"minecraft:polished_andesite_stairs":2,"minecraft:iron_axe":2,"minecraft:cactus":2,"minecraft:chipped_anvil":2,"minecraft:smooth_stone":2,"minecraft:string":12,"minecraft:bucket":1,"minecraft:spruce_sapling":2,"minecraft:redstone":119,"minecraft:furnace":3,"minecraft:kelp":1,"minecraft:stone_sword":1,"minecraft:raw_copper":3,"minecraft:tuff":35,"minecraft:raw_iron":1,"minecraft:brown_glazed_terracotta":1,"minecraft:chicken":1,"minecraft:iron_boots":2,"minecraft:blast_furnace":7,"minecraft:diamond_sword":2,"minecraft:potato":32,"minecraft:hay_block":3,"minecraft:shield":4,"minecraft:sea_pickle":6,"minecraft:black_concrete_powder":1,"minecraft:bundle":1,"minecraft:iron_chestplate":1,"minecraft:diamond_pickaxe":2,"minecraft:andesite":1,"minecraft:light_gray_bed":1,"minecraft:oak_boat":1,"minecraft:oak_sapling":23,"minecraft:stone_bricks":1,"minecraft:light_gray_dye":2,"minecraft:diamond_boots":1,"minecraft:spruce_log":8,"minecraft:bow":5,"minecraft:stone_pickaxe":1,"minecraft:wooden_pickaxe":1},"minecraft:crafted":{"minecraft:oak_planks":172,"minecraft:cactus":1,"minecraft:cooked_chicken":2,"minecraft:cherry_boat":1,"minecraft:cooked_mutton":1,"minecraft:warped_planks":4,"minecraft:bow":1,"minecraft:iron_boots":2,"more_bows_and_arrows:diamond_bow":1,"minecraft:chest":2,"minecraft:smoker":1,"minecraft:emerald":6,"minecraft:crafting_table":14,"minecraft:spruce_planks":84,"minecraft:iron_helmet":1,"minecraft:wooden_pickaxe":1,"minecraft:baked_potato":113,"minecraft:spruce_door":3,"minecraft:gold_block":19,"minecraft:light_gray_bed":1,"minecraft:iron_chestplate":3,"minecraft:emerald_block":14,"minecraft:shield":4,"minecraft:stick":160,"minecraft:iron_ingot":413,"minecraft:iron_pickaxe":12,"minecraft:iron_block":49,"minecraft:stone_sword":1,"minecraft:black_bed":1,"minecraft:gold_ingot":129,"minecraft:light_gray_dye":3,"minecraft:golden_carrot":10,"minecraft:cherry_planks":96,"minecraft:wooden_sword":1,"minecraft:coal":54,"minecraft:furnace":2,"minecraft:diamond_block":10,"more_bows_and_arrows:emerald_bow":1,"minecraft:iron_axe":2,"minecraft:stone_pickaxe":1,"minecraft:cooked_beef":109,"minecraft:coal_block":36,"minecraft:bucket":3,"minecraft:stone_axe":3,"minecraft:air":0,"minecraft:oak_boat":1,"minecraft:golden_apple":3,"minecraft:gold_nugget":90,"minecraft:iron_leggings":1,"minecraft:white_bed":1,"more_bows_and_arrows:gold_bow":1,"minecraft:torch":548,"minecraft:diamond_chestplate":1},"minecraft:mined":{"minecraft:blue_carpet":8,"minecraft:stripped_warped_stem":1,"minecraft:spruce_planks":4,"minecraft:cobbled_deepslate_stairs":1,"minecraft:andesite_stairs":2,"minecraft:cherry_log":13,"minecraft:jungle_leaves":1,"minecraft:cave_vines_plant":2,"minecraft:budding_amethyst":5,"minecraft:grass_block":18,"minecraft:light_gray_bed":1,"minecraft:purple_stained_glass_pane":1,"minecraft:coal_block":1,"minecraft:soul_soil":2,"minecraft:polished_blackstone_brick_slab":1,"minecraft:stripped_warped_hyphae":1,"minecraft:green_concrete":1,"minecraft:hopper":1,"minecraft:oxeye_daisy":1,"minecraft:chiseled_stone_bricks":1,"minecraft:spawner":39,"minecraft:polished_blackstone_bricks":7,"minecraft:raw_iron_block":22,"minecraft:mossy_cobblestone_slab":2,"minecraft:iron_ore":73,"minecraft:barrel":22,"minecraft:turtle_egg":3,"minecraft:cobbled_deepslate":8,"minecraft:fire":2,"minecraft:anvil":19,"minecraft:deepslate_lapis_ore":26,"minecraft:azure_bluet":2,"minecraft:dark_oak_stairs":2,"minecraft:brown_glazed_terracotta":1,"minecraft:spruce_pressure_plate":3,"minecraft:smooth_sandstone_stairs":8,"minecraft:iron_block":12,"easyanvils:minecraft/anvil":3,"minecraft:green_bed":16,"minecraft:spruce_slab":8,"minecraft:deepslate_redstone_ore":26,"minecraft:smoker":5,"minecraft:amethyst_cluster":2,"visualworkbench:minecraft/crafting_table":3,"minecraft:torch":14,"minecraft:blast_furnace":13,"minecraft:green_concrete_powder":1,"minecraft:calcite":5,"minecraft:polished_andesite_stairs":2,"minecraft:chest":9,"minecraft:white_stained_glass_pane":3,"minecraft:cobblestone":14,"minecraft:oak_planks":19,"minecraft:sugar_cane":1,"minecraft:grindstone":1,"minecraft:wall_torch":8,"minecraft:amethyst_block":5,"minecraft:dark_oak_slab":6,"minecraft:warped_planks":19,"minecraft:jukebox":36,"minecraft:stripped_oak_wood":3,"minecraft:tnt":19,"minecraft:orange_tulip":1,"minecraft:black_bed":15,"minecraft:stone_brick_stairs":3,"minecraft:oak_log":50,"minecraft:dirt":20,"minecraft:loom":1,"minecraft:sand":19,"minecraft:stonecutter":1,"minecraft:oak_leaves":14,"minecraft:deepslate":79,"minecraft:redstone_lamp":1,"minecraft:diamond_ore":4,"minecraft:dark_prismarine":1,"minecraft:tuff":101,"minecraft:mossy_cobblestone":2,"minecraft:deepslate_diamond_ore":37,"minecraft:sea_lantern":1,"minecraft:polished_andesite_slab":2,"minecraft:spruce_leaves":6,"minecraft:kelp":1,"minecraft:moss_block":4,"minecraft:cartography_table":1,"minecraft:sandstone":12,"minecraft:hay_block":66,"minecraft:diorite_slab":1,"minecraft:light_blue_wall_banner":1,"minecraft:redstone_ore":1,"minecraft:packed_mud":1,"minecraft:furnace":4,"minecraft:andesite":10,"minecraft:green_terracotta":1,"minecraft:black_concrete":1,"minecraft:gold_block":1,"minecraft:mossy_stone_brick_stairs":1,"minecraft:bookshelf":37,"minecraft:potatoes":4,"minecraft:deepslate_iron_ore":97,"minecraft:vine":1,"minecraft:lantern":1,"minecraft:packed_ice":2,"minecraft:stone":217,"minecraft:birch_pressure_plate":1,"minecraft:oak_slab":4,"minecraft:redstone_block":2,"minecraft:hanging_roots":1,"minecraft:stripped_dark_oak_log":1,"minecraft:spruce_door":4,"minecraft:smooth_sandstone":11,"minecraft:cornflower":1,"minecraft:short_grass":37,"minecraft:spruce_button":2,"minecraft:emerald_ore":26,"minecraft:lectern":1,"easyanvils:minecraft/chipped_anvil":1,"minecraft:copper_ore":1,"minecraft:tall_grass":5,"minecraft:deepslate_coal_ore":4,"minecraft:deepslate_gold_ore":45,"minecraft:lily_pad":1,"minecraft:diorite":2,"minecraft:spruce_stairs":11,"minecraft:red_terracotta":1,"minecraft:stripped_spruce_wood":11,"minecraft:sea_pickle":3,"minecraft:spruce_log":29,"minecraft:mangrove_planks":5,"minecraft:dark_prismarine_slab":2,"minecraft:black_wool":3,"minecraft:mangrove_slab":3,"minecraft:coal_ore":300,"minecraft:ochre_froglight":5,"minecraft:cherry_leaves":1,"minecraft:flower_pot":2,"minecraft:gray_carpet":4,"minecraft:lodestone":2,"minecraft:cobweb":40,"minecraft:cracked_stone_bricks":2,"minecraft:polished_andesite":7,"minecraft:stone_bricks":7,"minecraft:gold_ore":2,"minecraft:deepslate_emerald_ore":1,"minecraft:fern":3},"minecraft:killed":{"minecraft:spider":5,"minecraft:skeleton":12,"minecraft:chicken":3,"minecraft:turtle":1,"minecraft:wolf":1,"minecraft:parrot":2,"minecraft:pig":12,"minecraft:zombie_villager":1,"minecraft:iron_golem":3,"minecraft:creeper":1,"minecraft:sheep":41,"minecraft:trader_llama":2,"minecraft:pillager":1,"minecraft:zombie":16,"minecraft:cow":78,"minecraft:slime":1,"minecraft:horse":5,"minecraft:panda":1,"minecraft:llama":1,"minecraft:drowned":5,"minecraft:wandering_trader":1,"minecraft:polar_bear":4,"minecraft:enderman":2},"minecraft:picked_up":{"minecraft:wheat":68,"minecraft:iron_chestplate":1,"minecraft:black_carpet":1,"minecraft:redstone_block":1,"minecraft:flower_pot":1,"minecraft:anvil":42,"minecraft:sentry_armor_trim_smithing_template":2,"minecraft:lead":4,"minecraft:diamond_sword":2,"minecraft:potion":1,"minecraft:enchanted_book":2,"minecraft:golden_shovel":4,"minecraft:stone_brick_stairs":1,"minecraft:amethyst_block":2,"minecraft:string":49,"minecraft:soul_soil":1,"minecraft:raw_copper":3,"minecraft:sea_pickle":30,"minecraft:diamond_leggings":1,"minecraft:cobbled_deepslate":307,"minecraft:smooth_stone":2,"minecraft:spruce_planks":40,"minecraft:eye_armor_trim_smithing_template":4,"minecraft:written_book":2,"minecraft:calcite":5,"minecraft:iron_pickaxe":7,"minecraft:enchanted_golden_apple":3,"minecraft:coal_block":27,"minecraft:furnace":7,"minecraft:golden_helmet":2,"minecraft:spruce_pressure_plate":3,"minecraft:polished_blackstone_brick_slab":1,"minecraft:stick":124,"minecraft:jukebox":55,"minecraft:torch":72,"minecraft:green_bed":17,"minecraft:spruce_stairs":8,"minecraft:porkchop":18,"minecraft:cherry_log":24,"minecraft:diorite":2,"minecraft:warped_planks":11,"minecraft:golden_chestplate":3,"minecraft:green_terracotta":1,"minecraft:stone_sword":1,"minecraft:cactus":1,"minecraft:light_gray_bed":4,"minecraft:rotten_flesh":26,"minecraft:iron_block":155,"minecraft:iron_bars":1,"minecraft:cod":3,"minecraft:cobblestone":582,"minecraft:feather":13,"minecraft:cooked_beef":342,"minecraft:water_bucket":1,"minecraft:andesite":12,"minecraft:black_bed":18,"minecraft:brown_wool":4,"minecraft:green_concrete_powder":1,"minecraft:smoker":11,"minecraft:potato":171,"minecraft:stripped_spruce_wood":10,"minecraft:tuff":99,"minecraft:smooth_sandstone_stairs":8,"minecraft:lapis_lazuli":180,"minecraft:dirt":21,"minecraft:lantern":2,"minecraft:bone":132,"minecraft:chipped_anvil":2,"minecraft:bow":8,"minecraft:stonecutter":4,"minecraft:wheat_seeds":11,"minecraft:orange_tulip":1,"minecraft:raw_gold":151,"minecraft:grindstone":1,"minecraft:diamond_helmet":1,"minecraft:bamboo":1,"minecraft:moss_block":1,"minecraft:oak_planks":389,"minecraft:mossy_stone_brick_stairs":2,"minecraft:cooked_porkchop":23,"minecraft:sand":17,"minecraft:loom":1,"minecraft:red_terracotta":1,"minecraft:barrel":1,"minecraft:mossy_cobblestone":4,"minecraft:dark_prismarine":1,"minecraft:bundle":1,"minecraft:dark_prismarine_slab":2,"minecraft:polished_andesite":1,"minecraft:black_concrete_powder":1,"minecraft:green_concrete":1,"minecraft:diamond":193,"minecraft:black_concrete":1,"minecraft:soul_lantern":2,"minecraft:polished_blackstone_button":3,"minecraft:golden_apple":4,"minecraft:emerald":247,"minecraft:spruce_button":2,"minecraft:bread":108,"minecraft:rooted_dirt":1,"minecraft:oak_sapling":24,"minecraft:diamond_pickaxe":3,"minecraft:charcoal":4,"minecraft:crafting_table":9,"minecraft:allium":2,"minecraft:azure_bluet":4,"minecraft:chicken":3,"minecraft:stripped_warped_hyphae":1,"minecraft:redstone_lamp":1,"minecraft:leather_leggings":1,"minecraft:brown_mushroom":5,"minecraft:diorite_slab":1,"minecraft:gold_block":49,"more_bows_and_arrows:diamond_bow":1,"minecraft:shield":8,"minecraft:cornflower":1,"minecraft:moss_carpet":1,"minecraft:iron_axe":3,"minecraft:stripped_warped_stem":2,"minecraft:beef":173,"minecraft:andesite_stairs":1,"minecraft:oak_boat":3,"minecraft:poppy":4,"minecraft:spruce_slab":5,"minecraft:lectern":1,"minecraft:sugar_cane":58,"minecraft:egg":4,"minecraft:raw_iron":473,"minecraft:sandstone":12,"minecraft:brown_glazed_terracotta":1,"minecraft:polished_blackstone_bricks":5,"minecraft:carrot":20,"minecraft:redstone":119,"minecraft:prismarine_crystals":5,"minecraft:blue_carpet":4,"minecraft:tnt":19,"minecraft:arrow":145,"minecraft:diamond_boots":1,"minecraft:hay_block":40,"minecraft:gold_ingot":54,"minecraft:black_banner":1,"minecraft:glow_berries":7,"minecraft:mutton":29,"minecraft:white_wool":13,"minecraft:oxeye_daisy":1,"minecraft:salmon":1,"minecraft:leather":179,"minecraft:acacia_wood":4,"minecraft:ochre_froglight":5,"minecraft:oak_log":66,"minecraft:lily_pad":1,"minecraft:cobbled_deepslate_stairs":1,"minecraft:gunpowder":3,"minecraft:birch_pressure_plate":1,"minecraft:cooked_mutton":33,"minecraft:stone_bricks":9,"minecraft:apple":108,"minecraft:gray_carpet":4,"minecraft:kelp":1,"minecraft:spore_blossom":1,"minecraft:iron_ingot":116,"minecraft:stripped_oak_wood":3,"minecraft:mangrove_planks":1,"minecraft:polished_andesite_slab":3,"minecraft:iron_sword":5,"minecraft:book":50,"minecraft:oak_slab":3,"minecraft:polished_andesite_stairs":2,"minecraft:dark_oak_slab":10,"minecraft:raw_iron_block":22,"minecraft:lava_bucket":1,"minecraft:amethyst_shard":118,"minecraft:spruce_sapling":7,"minecraft:blast_furnace":27,"minecraft:spruce_log":29,"minecraft:spruce_door":5,"minecraft:diamond_shovel":5,"minecraft:stone_axe":6,"minecraft:iron_helmet":1,"minecraft:cherry_sapling":21,"minecraft:gray_wool":2,"minecraft:lodestone":2,"minecraft:baked_potato":35,"minecraft:black_wool":3,"minecraft:stripped_dark_oak_log":1,"minecraft:coal":1013}},"DataVersion":3953}