{"stats":{"minecraft:used":{"minecraft:stone_sword":1,"minecraft:stone_pickaxe":106,"minecraft:stone_shovel":49,"minecraft:chest":8,"minecraft:wooden_pickaxe":47,"minecraft:wooden_shovel":217,"minecraft:torch":8,"minecraft:dirt":99,"minecraft:crafting_table":1,"minecraft:mushroom_stew":3,"minecraft:wooden_axe":110,"minecraft:bedrock":18,"minecraft:stone_axe":58,"minecraft:oak_sapling":2,"minecraft:birch_log":1},"minecraft:picked_up":{"minecraft:birch_log":31,"minecraft:feather":1,"minecraft:chicken":1,"minecraft:clay_ball":112,"minecraft:andesite":15,"minecraft:wooden_pickaxe":1,"minecraft:mushroom_stew":3,"minecraft:flint":5,"minecraft:oak_log":83,"minecraft:spider_spawn_egg":1,"minecraft:amethyst_block":5,"minecraft:dirt":211,"minecraft:string":3,"minecraft:raw_copper":99,"minecraft:calcite":5,"minecraft:wooden_shovel":2,"minecraft:melon_slice":38,"minecraft:chest":20,"minecraft:egg":1,"minecraft:raw_iron":7,"minecraft:smooth_basalt":2,"minecraft:pumpkin":3,"minecraft:torch":2,"minecraft:gravel":45,"minecraft:porkchop":3,"minecraft:diorite":4,"minecraft:chicken_spawn_egg":1,"minecraft:rotten_flesh":9,"minecraft:light_blue_wool":1,"minecraft:granite":5,"minecraft:mutton":2,"minecraft:coal":7,"minecraft:cobblestone":75},"minecraft:mined":{"minecraft:podzol":31,"minecraft:clay":28,"minecraft:torch":1,"minecraft:granite":5,"minecraft:grass_block":166,"minecraft:calcite":5,"minecraft:melon":8,"minecraft:chest":22,"minecraft:copper_ore":26,"minecraft:diorite":4,"minecraft:wall_torch":1,"minecraft:amethyst_block":5,"minecraft:birch_log":31,"minecraft:iron_ore":7,"minecraft:andesite":15,"minecraft:pumpkin":3,"minecraft:oak_log":83,"minecraft:coal_ore":7,"minecraft:dirt_path":1,"minecraft:gravel":50,"minecraft:dirt":21,"minecraft:smooth_basalt":2,"minecraft:stone":75},"minecraft:killed":{"minecraft:pig":1,"minecraft:spider":3,"minecraft:sheep":1,"minecraft:zombie":6,"minecraft:chicken":1},"minecraft:crafted":{"minecraft:wooden_sword":1,"minecraft:oak_planks":36,"minecraft:wooden_shovel":2,"minecraft:stone_shovel":1,"minecraft:crafting_table":1,"minecraft:wooden_pickaxe":1,"minecraft:birch_planks":16,"minecraft:stone_axe":1,"minecraft:stick":48,"minecraft:stone_pickaxe":1,"minecraft:wooden_axe":2,"minecraft:stone_sword":1,"minecraft:torch":4},"minecraft:broken":{"minecraft:wooden_shovel":3,"minecraft:wooden_axe":2},"minecraft:custom":{"minecraft:mob_kills":12,"minecraft:interact_with_crafting_table":13,"minecraft:leave_game":1,"minecraft:time_since_death":52630,"minecraft:climb_one_cm":1748,"minecraft:time_since_rest":52630,"minecraft:sprint_one_cm":1712,"minecraft:damage_taken":165,"minecraft:walk_one_cm":34897,"minecraft:drop":14,"minecraft:damage_dealt":2265,"minecraft:fly_one_cm":7391,"minecraft:open_chest":141,"minecraft:crouch_one_cm":15182,"minecraft:play_time":52630,"minecraft:sneak_time":4541,"minecraft:jump":113,"minecraft:total_world_time":52630,"minecraft:fall_one_cm":476},"minecraft:dropped":{"minecraft:rotten_flesh":9,"minecraft:chest":12,"minecraft:wooden_shovel":1,"minecraft:wooden_sword":1,"minecraft:wooden_pickaxe":2}},"DataVersion":3465}